MAKE_MODEL CODE;VARIABLE CODE(S);MODEL_MANUFACTURER *INFO*;MODEL *INFO*;SENSOR_TYPES *INFO*
AANDERAA INSTRUMENTS NORWAY_2740;WS;AADI - Aanderaa Data Instruments. (5593);2740;ANEMOMETER_CUP_AND_WIND_VANE_SEPARATED_WS
AANDERAA INSTRUMENTS NORWAY_3590;WD;AADI - Aanderaa Data Instruments. (5593);3590;ANEMOMETER_CUP_AND_WIND_VANE_SEPARATED_WD
AANDERAA INSTRUMENTS NORWAY_CUP VANE WINDSENSOR;WD;WS;AADI - Aanderaa Data Instruments. (5593);CUP VANE WINDSENSOR;ANEMOMETER_CUP_AND_WIND_VANE_COMBINED_WD;ANEMOMETER_CUP_AND_WIND_VANE_COMBINED_WS
AANDERAA INSTRUMENTS NORWAY_CUP WINDSENSOR;WS;AADI - Aanderaa Data Instruments. (5593);CUP WINDSENSOR;ANEMOMETER_CUP_AND_WIND_VANE_SEPARATED_WS
AANDERAA INSTRUMENTS NORWAY_VANE WINDSENSOR;WD;AADI - Aanderaa Data Instruments. (5593);VANE WINDSENSOR;ANEMOMETER_CUP_AND_WIND_VANE_SEPARATED_WD
AGR_ANEROID HAND BAROMETER;ATMPRESS;;ANEROID HAND BAROMETER;BAROMETER_ANEROID_HAND
AIRMAR_110WX WEATHER STATION;HUM;;110WX WEATHER STATION;HYGROMETER_ELECTRONIC
AIRMAR_CUP VANE WINDSENSOR;WD;WS;;CUP VANE WINDSENSOR;ANEMOMETER_CUP_AND_WIND_VANE_COMBINED_WD;ANEMOMETER_CUP_AND_WIND_VANE_COMBINED_WS
AIRMAR_ST850;SST;;ST850;SST_IMMERSED_THERMOMETER
AMA_ALCOHOL ORD 2/C;AIRTEMP;;ALCOHOL ORD 2/C;THERMOMETER_ALCOHOL
AMA_ALCOHOL THERMOMETER;AIRTEMP;;ALCOHOL THERMOMETER;THERMOMETER_ALCOHOL
AMA_ELECTRICAL RESISTANCE THERMOMETER;AIRTEMP;;ELECTRICAL RESISTANCE THERMOMETER;THERMOMETER_ELECTRIC
AMA_MERCURY ORD 2/C;AIRTEMP;;MERCURY ORD 2/C;THERMOMETER_MERCURY_DRY_BULB
AMA_MERCURY THERMOMETER;AIRTEMP;;MERCURY THERMOMETER;THERMOMETER_MERCURY_DRY_BULB
AMARELL_MERCURY THERMOMETER;AIRTEMP;;MERCURY THERMOMETER;THERMOMETER_MERCURY_DRY_BULB
AMBIENT WEATHER_ELECTRIC BAROMETER;ATMPRESS;;ELECTRIC BAROMETER;BAROMETER_ELECTRIC
ANDO_MERCURY THERMOMETER;AIRTEMP;;MERCURY THERMOMETER;THERMOMETER_MERCURY_DRY_BULB
AQUATECH SCIENTIFIC INSTRUMENT_DBX1;ATMPRESS;;DBX1;BAROMETER_ELECTRIC
ARC MARINE_ANEROID HAND BAROMETER;ATMPRESS;;ANEROID HAND BAROMETER;BAROMETER_ANEROID_HAND
ASAHI_ALCOHOL JISZ8806;AIRTEMP;;ALCOHOL JISZ8806;THERMOMETER_ALCOHOL
ASAHI_ALCOHOL THERMOMETER;AIRTEMP;;ALCOHOL THERMOMETER;THERMOMETER_ALCOHOL
ASAHI_MERCURY THERMOMETER;AIRTEMP;;MERCURY THERMOMETER;THERMOMETER_MERCURY_DRY_BULB
BACHARACH_ALCOHOL THERMOMETER;AIRTEMP;;ALCOHOL THERMOMETER;THERMOMETER_ALCOHOL
BAGNATO_MERCURY THERMOMETER;AIRTEMP;;MERCURY THERMOMETER;THERMOMETER_MERCURY_DRY_BULB
BAKER_ALCOHOL THERMOMETER;AIRTEMP;;ALCOHOL THERMOMETER;THERMOMETER_ALCOHOL
BARIGO_111;ATMPRESS;;111;BAROMETER_ANEROID_HAND
BARIGO_1500;ATMPRESS;;1500;BAROMETER_ANEROID_HAND
BARIGO_1580;ATMPRESS;;1580;BAROMETER_ANEROID_HAND
BARIGO_585MS;ATMPRESS;;585MS;BAROMETER_ANEROID_HAND
BARIGO_586MS;ATMPRESS;;586MS;BAROMETER_ANEROID_HAND
BARIGO_ANEROID HAND BAROMETER;ATMPRESS;;ANEROID HAND BAROMETER;BAROMETER_ANEROID_HAND
BARIGO_BAROMETER;ATMPRESS;;BAROMETER;BAROMETER_ANEROID_HAND
BARIGO_DHI 114/01/81;ATMPRESS;;DHI 114/01/81;BAROMETER_ANEROID_HAND
BARIGO_TWIN DIAPHRAGM;ATMPRESS;;TWIN DIAPHRAGM;BAROMETER_ANEROID_HAND
BARIGO_VIKING;ATMPRESS;;VIKING;BAROMETER_ANEROID_HAND
BAROMES_ANEROID HAND BAROMETER;ATMPRESS;;ANEROID HAND BAROMETER;BAROMETER_ANEROID_HAND
BELFORT_1090U;ATMPRESS;;1090U;BAROMETER_ANEROID_HAND
BELFORT_6079;ATMPRESS;;6079;BAROMETER_ANEROID_HAND
BELFORT_AEROVANE;WD;WS;;AEROVANE;ANEMOMETER_PROPELLER_VANE_WD;ANEMOMETER_PROPELLER_VANE_WS
BELFORT_ANEROID HAND BAROMETER;ATMPRESS;;ANEROID HAND BAROMETER;BAROMETER_ANEROID_HAND
BELFORT_BAROMETER_ANEROID_DIGITAL;ATMPRESS;;BAROMETER_ANEROID_DIGITAL;BAROMETER_ANEROID_DIGITAL
BELFORT_G101;ATMPRESS;;G101;BAROMETER_ANEROID_HAND
BELFORT_G222;ATMPRESS;;G222;BAROGRAPH_GENERIC
BELFORT_ML-488/UM;ATMPRESS;;ML-488/UM;BAROMETER_ANEROID_HAND
BENORA HAMBURG_ANEROID HAND BAROMETER;ATMPRESS;;ANEROID HAND BAROMETER;BAROMETER_ANEROID_HAND
BG_MHU213;WD;WS;;MHU213;ANEMOMETER_CUP_AND_WIND_VANE_COMBINED_WD;ANEMOMETER_CUP_AND_WIND_VANE_COMBINED_WS
BOHLKEN WESTERLAND_ELECTRIC BAROMETER;ATMPRESS;;ELECTRIC BAROMETER;BAROMETER_ELECTRIC
BOSCH_BME280;ATMPRESS;;BME280;BAROMETER_ELECTRIC
BOSTON_ANEROID HAND BAROMETER;ATMPRESS;;ANEROID HAND BAROMETER;BAROMETER_ANEROID_HAND
BRANNAN_ALCOHOL THERMOMETER;AIRTEMP;;ALCOHOL THERMOMETER;THERMOMETER_ALCOHOL
BRANNAN_MERCURY THERMOMETER;AIRTEMP;;MERCURY THERMOMETER;THERMOMETER_MERCURY_DRY_BULB
BRANNAN_THERMOMETER;AIRTEMP;;THERMOMETER;THERMOMETER_GENERIC
BROOKS AND GATEHOUSE_CUP VANE WINDSENSOR;WD;WS;;CUP VANE WINDSENSOR;ANEMOMETER_CUP_AND_WIND_VANE_COMBINED_WD;ANEMOMETER_CUP_AND_WIND_VANE_COMBINED_WS
CAMPBELL SCIENTIFIC_METSENS200;WD;WS;CAMPBELL SCIENTIFIC INC (3768);METSENS200;ANEMOMETER_SONIC_WD;ANEMOMETER_SONIC_WS
CASSENS AND PLATH_ANEROID HAND BAROMETER;ATMPRESS;;ANEROID HAND BAROMETER;BAROMETER_ANEROID_HAND
CHANGCHUN_ANEROID HAND BAROMETER;ATMPRESS;;ANEROID HAND BAROMETER;BAROMETER_ANEROID_HAND
CHANGCHUN_DYM3;ATMPRESS;;DYM3;BAROMETER_ANEROID_HAND
CHANGE_ANEROID HAND BAROMETER;ATMPRESS;;ANEROID HAND BAROMETER;BAROMETER_ANEROID_HAND
CHANGZHOU CAMON_ALCOHOL THERMOMETER;AIRTEMP;;ALCOHOL THERMOMETER;THERMOMETER_ALCOHOL
CHANGZHOU CAMON_ANEROID HAND BAROMETER;ATMPRESS;;ANEROID HAND BAROMETER;BAROMETER_ANEROID_HAND
CHANGZHOU CAMON_MERCURY THERMOMETER;AIRTEMP;;MERCURY THERMOMETER;THERMOMETER_MERCURY_DRY_BULB
CHAUVIN ARNOUX_CUP WINDSENSOR;WD;;CUP WINDSENSOR;ANEMOMETER_CUP_AND_WIND_VANE_SEPARATED_WD
CHAUVIN ARNOUX_PT100;SST;;PT100;SST_IMMERSED_THERMOMETER
CHAUVIN ARNOUX_VANE WINDSENSOR;WD;;VANE WINDSENSOR;ANEMOMETER_CUP_AND_WIND_VANE_SEPARATED_WD
CHELSEA_ANEROID HAND BAROMETER;ATMPRESS;;ANEROID HAND BAROMETER;BAROMETER_ANEROID_HAND
CITIZEN_ANEROID HAND BAROMETER;ATMPRESS;;ANEROID HAND BAROMETER;BAROMETER_ANEROID_HAND
CMR KOREA_AT200;WD;WS;;AT200;ANEMOMETER_PROPELLER_VANE_WD;ANEMOMETER_PROPELLER_VANE_WS
CMR KOREA_CUP VANE WINDSENSOR;WD;WS;;CUP VANE WINDSENSOR;ANEMOMETER_CUP_AND_WIND_VANE_COMBINED_WD;ANEMOMETER_CUP_AND_WIND_VANE_COMBINED_WS
CMR KOREA_PROPELLER VANE WINDSENSOR;WD;WS;;PROPELLER VANE WINDSENSOR;ANEMOMETER_PROPELLER_VANE_WD;ANEMOMETER_PROPELLER_VANE_WS
CMR KOREA_WINDSONIC;WD;WS;;WINDSONIC;ANEMOMETER_SONIC_WD;ANEMOMETER_SONIC_WS
COASTAL CLIMATE_CUP WINDSENSOR;WS;;CUP WINDSENSOR;ANEMOMETER_CUP_AND_WIND_VANE_SEPARATED_WS
COASTAL CLIMATE_VANE WINDSENSOR;WD;;VANE WINDSENSOR;ANEMOMETER_CUP_AND_WIND_VANE_SEPARATED_WD
COASTAL ENVIRONMENTAL SYSTEMS_CUP WINDSENSOR;WS;Coastal Environmental Systems (3529);CUP WINDSENSOR;ANEMOMETER_CUP_AND_WIND_VANE_SEPARATED_WS
COASTAL ENVIRONMENTAL SYSTEMS_ELECTRICAL RESISTANCE THERMOMETER;AIRTEMP;Coastal Environmental Systems (3529);ELECTRICAL RESISTANCE THERMOMETER;THERMOMETER_ELECTRIC
COASTAL ENVIRONMENTAL SYSTEMS_ELECTRIC BAROMETER;ATMPRESS;Coastal Environmental Systems (3529);ELECTRIC BAROMETER;BAROMETER_ELECTRIC
COASTAL ENVIRONMENTAL SYSTEMS_ULTRASONIC WINDSENSOR;WD;WS;Coastal Environmental Systems (3529);ULTRASONIC WINDSENSOR;ANEMOMETER_SONIC_WD;ANEMOMETER_SONIC_WS
COASTAL ENVIRONMENTAL SYSTEMS_VANE WINDSENSOR;WD;Coastal Environmental Systems (3529);VANE WINDSENSOR;ANEMOMETER_CUP_AND_WIND_VANE_SEPARATED_WD
COREMA_CRT00012;SST;;CRT00012;SST_HULL_CONTACT_SENSOR
CUP VANE_N162A;WD;WS;;N162A;ANEMOMETER_PROPELLER_VANE_WD;ANEMOMETER_PROPELLER_VANE_WS
DAEKWANG_ALCOHOL THERMOMETER;AIRTEMP;;ALCOHOL THERMOMETER;THERMOMETER_ALCOHOL
DAEYANG_ANEMOMETER;WD;;ANEMOMETER;ANEMOMETER_WD_GENERIC
DAEYANG INSTRUMENT_ANEROID HAND BAROMETER;ATMPRESS;;ANEROID HAND BAROMETER;BAROMETER_ANEROID_HAND
DAEYANG INSTRUMENT COMPANY_AT-350;WD;WS;;AT-350;ANEMOMETER_PROPELLER_VANE_WD;ANEMOMETER_PROPELLER_VANE_WS
DAEYANG INSTRUMENT COMPANY_AT-3N;WD;WS;;AT-3N;ANEMOMETER_CUP_AND_WIND_VANE_COMBINED_WD;ANEMOMETER_CUP_AND_WIND_VANE_COMBINED_WS
DAEYANG INSTRUMENT COMPANY_AT-US;WD;WS;;AT-US;ANEMOMETER_SONIC_WD;ANEMOMETER_SONIC_WS
DAEYANG INSTRUMENT COMPANY_CUP VANE WINDSENSOR;WD;WS;;CUP VANE WINDSENSOR;ANEMOMETER_CUP_AND_WIND_VANE_COMBINED_WD;ANEMOMETER_CUP_AND_WIND_VANE_COMBINED_WS
DAEYANG INSTRUMENT COMPANY_CUP WINDSENSOR;WS;;CUP WINDSENSOR;ANEMOMETER_CUP_AND_WIND_VANE_SEPARATED_WS
DAEYANG INSTRUMENT COMPANY_PROPELLER VANE WINDSENSOR;WD;WS;;PROPELLER VANE WINDSENSOR;ANEMOMETER_PROPELLER_VANE_WD;ANEMOMETER_PROPELLER_VANE_WS
DAEYANG INSTRUMENT COMPANY_PTR ALCOHOL11;AIRTEMP;;PTR ALCOHOL11;THERMOMETER_ELECTRIC
DAEYANG INSTRUMENT COMPANY_ULTRASONIC WINDSENSOR;WD;WS;;ULTRASONIC WINDSENSOR;ANEMOMETER_SONIC_WD;ANEMOMETER_SONIC_WS
DAEYANG INSTRUMENT COMPANY_VANE WINDSENSOR;WD;;VANE WINDSENSOR;ANEMOMETER_CUP_AND_WIND_VANE_SEPARATED_WD
DAEYANG INSTRUMENT_ELECTRIC BAROMETER;ATMPRESS;;ELECTRIC BAROMETER;BAROMETER_ELECTRIC
DAIKO_ANEROID HAND BAROMETER;ATMPRESS;;ANEROID HAND BAROMETER;BAROMETER_ANEROID_HAND
DAIKO_DB-150;ATMPRESS;;DB-150;BAROMETER_ANEROID_HAND
DATEMA_106PMD;ATMPRESS;;106PMD;BAROMETER_ANEROID_HAND
DAVIS INSTRUMENTS_TURBOMETER;WS;;TURBOMETER;ANEMOMETER_PROPELLER_VANE_WS
DAVIS_VANTAGE PRO2;AIRTEMP;ATMPRESS;;VANTAGE PRO2;THERMOMETER_ELECTRIC;BAROMETER_ELECTRIC
DEIF_879.3B;WD;WS;;879.3B;ANEMOMETER_SONIC_WD;ANEMOMETER_SONIC_WS
DEIF_879.3C;WD;WS;;879.3C;ANEMOMETER_CUP_AND_WIND_VANE_COMBINED_WD;ANEMOMETER_CUP_AND_WIND_VANE_COMBINED_WS
DEIF_ANEROID HAND BAROMETER;ATMPRESS;;ANEROID HAND BAROMETER;BAROMETER_ANEROID_HAND
DEIF_CUP VANE WINDSENSOR;WD;WS;;CUP VANE WINDSENSOR;ANEMOMETER_CUP_AND_WIND_VANE_COMBINED_WD;ANEMOMETER_CUP_AND_WIND_VANE_COMBINED_WS
DEIF_CUP WINDSENSOR;WS;;CUP WINDSENSOR;ANEMOMETER_CUP_AND_WIND_VANE_SEPARATED_WS
DEIF_PROPELLER VANE WINDSENSOR;WD;WS;;PROPELLER VANE WINDSENSOR;ANEMOMETER_PROPELLER_VANE_WD;ANEMOMETER_PROPELLER_VANE_WS
DEIF_ULTRASONIC WINDSENSOR;WD;WS;;ULTRASONIC WINDSENSOR;ANEMOMETER_SONIC_WD;ANEMOMETER_SONIC_WS
DEIF_VANE WINDSENSOR;WD;;VANE WINDSENSOR;ANEMOMETER_CUP_AND_WIND_VANE_SEPARATED_WD
DEIF_WSS 550;WD;WS;;WSS 550;ANEMOMETER_SONIC_WD;ANEMOMETER_SONIC_WS
DEUTA_CUP WINDSENSOR;WS;;CUP WINDSENSOR;ANEMOMETER_CUP_AND_WIND_VANE_SEPARATED_WS
DOBBIE_ALCOHOL THERMOMETER;AIRTEMP;;ALCOHOL THERMOMETER;THERMOMETER_ALCOHOL
DOBBIE_M3740;AIRTEMP;;M3740;THERMOMETER_MERCURY_DRY_BULB
DOBBIE_MERCURY THERMOMETER;AIRTEMP;;MERCURY THERMOMETER;THERMOMETER_MERCURY_DRY_BULB
DOBROS_MERCURY THERMOMETER;AIRTEMP;;MERCURY THERMOMETER;THERMOMETER_MERCURY_DRY_BULB
DONG MYOUNG_ALCOHOL THERMOMETER;AIRTEMP;;ALCOHOL THERMOMETER;THERMOMETER_ALCOHOL
DONG MYOUNG_MERCURY THERMOMETER;AIRTEMP;;MERCURY THERMOMETER;THERMOMETER_MERCURY_DRY_BULB
DOWNEASTER WIND and WEATHER_ANEROID HAND BAROMETER;ATMPRESS;;ANEROID HAND BAROMETER;BAROMETER_ANEROID_HAND
DRUCK_8100;ATMPRESS;;8100;BAROMETER_ELECTRIC
DRUCK_DPS8000 series 811A;ATMPRESS;;DPS8000 series 811A;BAROMETER_ELECTRIC
DRUCK_DPS8000 series 813A;ATMPRESS;;DPS8000 series 813A;BAROMETER_ELECTRIC
DRUCK_ELECTRIC BAROMETER;ATMPRESS;;ELECTRIC BAROMETER;BAROMETER_ELECTRIC
DRUCK_RPT200;ATMPRESS;;RPT200;BAROMETER_ELECTRIC
DRUCK_RPT350;ATMPRESS;;RPT350;BAROMETER_ELECTRIC
DWD_FLEXIBLE PT100 MAGNETS;SST;;FLEXIBLE PT100 MAGNETS;SST_HULL_CONTACT_SENSOR
E+E ELEKTRONIK_E+E08;HUM;;E+E08;HYGROMETER_ELECTRONIC
E+E ELEKTRONIK_E+E33;AIRTEMP;HUM;;E+E33;THERMOMETER_ELECTRIC;HYGROMETER_ELECTRONIC
EIGENBRODT_ALCOHOL THERMOMETER;AIRTEMP;Eigenbrodt (5603);ALCOHOL THERMOMETER;THERMOMETER_ALCOHOL
EIGENBRODT_ELECTRICAL RESISTANCE THERMOMETER;AIRTEMP;Eigenbrodt (5603);ELECTRICAL RESISTANCE THERMOMETER;THERMOMETER_ALCOHOL
EIGENBRODT_MERCURY THERMOMETER;AIRTEMP;Eigenbrodt (5603);MERCURY THERMOMETER;THERMOMETER_MERCURY_DRY_BULB
EIGENBRODT_THERMOMETER;AIRTEMP;Eigenbrodt (5603);THERMOMETER;THERMOMETER_GENERIC
ELIASSON_CBME80;ATT_BACKSCATTER;;CBME80;CEILOMETER
EXTECH_RH300;AIRTEMP;HUM;;RH300;THERMOMETER_ELECTRIC;HYGROMETER_ELECTRONIC
FALMOUTH SCIENTIFIC_OTM-S-212;SST;Falmouth Scientific Inc (5591);OTM-S-212;SST_GENERIC
FISCHER_103PM;ATMPRESS;;103PM;BAROMETER_ANEROID_HAND
FISCHER_ANEROID HAND BAROMETER;ATMPRESS;;ANEROID HAND BAROMETER;BAROMETER_ANEROID_HAND
FISHER_ALCOHOL THERMOMETER;AIRTEMP;;ALCOHOL THERMOMETER;THERMOMETER_ALCOHOL
FISHER_MERCURY THERMOMETER;AIRTEMP;;MERCURY THERMOMETER;THERMOMETER_MERCURY_DRY_BULB
FUESS_ANEROID HAND BAROMETER;ATMPRESS;;ANEROID HAND BAROMETER;BAROMETER_ANEROID_HAND
FUESS_F5220;ATMPRESS;;F5220;BAROMETER_ANEROID_HAND
FUGRO_ELECTRICAL RESISTANCE THERMOMETER;AIRTEMP;FUGRO OCEANOR (1531);ELECTRICAL RESISTANCE THERMOMETER;THERMOMETER_ELECTRIC
FUGRO_ELECTRIC BAROMETER;ATMPRESS;FUGRO OCEANOR (1531);ELECTRIC BAROMETER;BAROMETER_ELECTRIC
FURUNO AIRMAR_PB100;AIRTEMP;WD;WS;ATMPRESS;;PB100;THERMOMETER_ELECTRIC;ANEMOMETER_SONIC_WD;ANEMOMETER_SONIC_WS;BAROMETER_ELECTRIC
FURUNO_ANEMOMETER;WD;;ANEMOMETER;ANEMOMETER_WD_GENERIC
FURUNO_HT-MSE;SST;;HT-MSE;SST_IMMERSED_THERMOMETER
FURUNO_PROPELLER VANE WINDSENSOR;WD;WS;;PROPELLER VANE WINDSENSOR;ANEMOMETER_PROPELLER_VANE_WD;ANEMOMETER_PROPELLER_VANE_WS
FURUNO_T2000;SST;;T2000;SST_IMMERSED_THERMOMETER
FURUNO_ULTRASONIC WINDSENSOR;WD;WS;;ULTRASONIC WINDSENSOR;ANEMOMETER_SONIC_WD;ANEMOMETER_SONIC_WS
GARMIN_CUP VANE WINDSENSOR;WD;WS;;CUP VANE WINDSENSOR;ANEMOMETER_CUP_AND_WIND_VANE_COMBINED_WD;ANEMOMETER_CUP_AND_WIND_VANE_COMBINED_WS
GENERIC_ALCOHOL THERMOMETER;AIRTEMP;SST;;ALCOHOL THERMOMETER;THERMOMETER_ALCOHOL;SST_BUCKET_THERMOMETER
GENERIC_ANEROID DIGITAL BAROMETER;ATMPRESS;;ANEROID DIGITAL BAROMETER;BAROMETER_ANEROID_DIGITAL
GENERIC_ANEROID HAND BAROMETER;ATMPRESS;;ANEROID HAND BAROMETER;BAROMETER_ANEROID_HAND
GENERIC_BAROGRAPH;ATMPRESS;;BAROGRAPH;BAROGRAPH_GENERIC
GENERIC_BAROGRAPH_ELECTRONIC_TENDENCY;ATMPRESS;;BAROGRAPH_ELECTRONIC_TENDENCY;BAROGRAPH_ELECTRONIC_BAROMETER_TENDENCY
GENERIC_BAROGRAPH_OPEN_SCALE;ATMPRESS;;BAROGRAPH_OPEN_SCALE;BAROGRAPH_OPEN_SCALE
GENERIC_BAROGRAPH_OPEN_SCALE_1_DAY_CLOCK;ATMPRESS;;BAROGRAPH_OPEN_SCALE_1_DAY_CLOCK;BAROGRAPH_OPEN_SCALE
GENERIC_BAROGRAPH_OPEN_SCALE_2_DAY_CLOCK;ATMPRESS;;BAROGRAPH_OPEN_SCALE_2_DAY_CLOCK;BAROGRAPH_OPEN_SCALE
GENERIC_BAROGRAPH_OPEN_SCALE_3_DAY_CLOCK;ATMPRESS;;BAROGRAPH_OPEN_SCALE_3_DAY_CLOCK;BAROGRAPH_OPEN_SCALE
GENERIC_BAROGRAPH_OPEN_SCALE_4_DAY_CLOCK;ATMPRESS;;BAROGRAPH_OPEN_SCALE_4_DAY_CLOCK;BAROGRAPH_OPEN_SCALE
GENERIC_BAROGRAPH_OPEN_SCALE_5_DAY_CLOCK;ATMPRESS;;BAROGRAPH_OPEN_SCALE_5_DAY_CLOCK;BAROGRAPH_OPEN_SCALE
GENERIC_BAROGRAPH_OPEN_SCALE_6_DAY_CLOCK;ATMPRESS;;BAROGRAPH_OPEN_SCALE_6_DAY_CLOCK;BAROGRAPH_OPEN_SCALE
GENERIC_BAROGRAPH_OPEN_SCALE_7_DAY_CLOCK;ATMPRESS;;BAROGRAPH_OPEN_SCALE_7_DAY_CLOCK;BAROGRAPH_OPEN_SCALE
GENERIC_BAROGRAPH_OPEN_SCALE_8_DAY_CLOCK;ATMPRESS;;BAROGRAPH_OPEN_SCALE_8_DAY_CLOCK;BAROGRAPH_OPEN_SCALE
GENERIC_BAROGRAPH_OPEN_SCALE_9_DAY_CLOCK;ATMPRESS;;BAROGRAPH_OPEN_SCALE_9_DAY_CLOCK;BAROGRAPH_OPEN_SCALE
GENERIC_BAROGRAPH_SMALL_SCALE;ATMPRESS;;BAROGRAPH_SMALL_SCALE;BAROGRAPH_SMALL_SCALE
GENERIC_BAROMETER;ATMPRESS;;BAROMETER;BAROMETER_GENERIC
GENERIC_BATHYTHERMOGRAPH_TOWED;SUB_PRESS;SUB_T;;BATHYTHERMOGRAPH_TOWED;CTD_PRES;CTD_TEMP
GENERIC_BATHYTHERMOMETER;SUB_PRESS;SUB_T;;BATHYTHERMOMETER;CTD_PRES;CTD_TEMP
GENERIC_BUCKET THERMOMETER;SST;;BUCKET THERMOMETER;SST_BUCKET_THERMOMETER
GENERIC_CUP VANE WINDSENSOR;WD;WS;;CUP VANE WINDSENSOR;ANEMOMETER_CUP_AND_WIND_VANE_COMBINED_WD;ANEMOMETER_CUP_AND_WIND_VANE_COMBINED_WS
GENERIC_CUP WINDSENSOR;WS;;CUP WINDSENSOR;ANEMOMETER_CUP_AND_WIND_VANE_SEPARATED_WS
GENERIC_DEW POINT SENSOR;AIRTEMP;;DEW POINT SENSOR;THERMOMETER_ELECTRIC
GENERIC_ELECTRICAL RESISTANCE THERMOMETER;AIRTEMP;;ELECTRICAL RESISTANCE THERMOMETER;THERMOMETER_ELECTRIC
GENERIC_ELECTRIC BAROMETER;ATMPRESS;;ELECTRIC BAROMETER;BAROMETER_ELECTRIC
GENERIC_ELECTRONIC HYGROMETER;HUM;;ELECTRONIC HYGROMETER;HYGROMETER_ELECTRONIC
GENERIC Fishing Vessel Probe;SUB_PRESS;SUB_T;;GENERIC Fishing Vessel Probe;CTD_PRES;CTD_TEMP
GENERIC_FLUOROMETER;CDOM;;FLUOROMETER;FLUOROMETER
GENERIC_HAIR HYGROMETER;HUM;;HAIR HYGROMETER;HYGROMETER_HAIR
GENERIC_HULL CONTACT THERMOMETER;SST;;HULL CONTACT THERMOMETER;SST_HULL_CONTACT_SENSOR
GENERIC_HYGROMETER;HUM;;HYGROMETER;HYGROMETER_GENERIC
GENERIC_IMMERSED THERMOMETER;SST;;IMMERSED THERMOMETER;SST_IMMERSED_THERMOMETER
GENERIC_LONG WAVE RADIATION;DLWRAD;;LONG WAVE RADIATION;LONG_WAVE_RADIATION
GENERIC_MERCURY BAROMETER;ATMPRESS;;MERCURY BAROMETER;BAROMETER_MERCURY
GENERIC_MERCURY THERMOMETER;AIRTEMP;SST;;MERCURY THERMOMETER;THERMOMETER_MERCURY_DRY_BULB;SST_BUCKET_THERMOMETER
GENERIC_NITRATE_SENSOR;NITRATE;;NITRATE_SENSOR;NITRATE_SENSOR
GENERIC_PCO2 SYSTEM;pCO2;;PCO2 SYSTEM;PCO2_SENSOR
GENERIC_PHOTOSYNTHETIC RADIATION SENSOR;IRR;;PHOTOSYNTHETIC RADIATION SENSOR;PHOTOSYNTHETIC_RADIATION_SENSOR
GENERIC_PLANKTON RECORDER;PLANKTON;;PLANKTON RECORDER;PLANKTON_RECORDER
GENERIC_PROPELLER VANE WINDSENSOR;WD;WS;;PROPELLER VANE WINDSENSOR;ANEMOMETER_PROPELLER_VANE_WD;ANEMOMETER_PROPELLER_VANE_WS
GENERIC_PSYCHROMETER;HUM;;PSYCHROMETER;PSYCHROMETER_GENERIC
GENERIC_PSYCHROMETER ALCOHOL;HUM;;PSYCHROMETER ALCOHOL;PSYCHROMETER_ALCOHOL
GENERIC_PSYCHROMETER ELECTRONIC;HUM;;PSYCHROMETER ELECTRONIC;PSYCHROMETER_ELECTRONIC
GENERIC_PSYCHROMETER MERCURY;HUM;;PSYCHROMETER MERCURY;PSYCHROMETER_MERCURY
GENERIC_PT100;AIRTEMP;;PT100;THERMOMETER_ELECTRIC
GENERIC_RADIOMETER;SST;;RADIOMETER;SST_RADIATION_THERMOMETER
GENERIC_RADIOSONDE_EQUIPMENT;ATMPRESS;AIRTEMP;HUM;;RADIOSONDE_EQUIPMENT;BAROMETER_GENERIC;THERMOMETER_GENERIC;HYGROMETER_GENERIC
GENERIC_RAIN GAUGE;RAIN;;RAIN GAUGE;RAIN_GAUGE
GENERIC_SEA THERMOGRAPH;SST;;SEA THERMOGRAPH;SEA_THERMOGRAPH
GENERIC_SHORT WAVE RADIATION;DSWRAD;;SHORT WAVE RADIATION;SHORT_WAVE_RADIATION
GENERIC_SOLARIMETER;DSWRAD;;SOLARIMETER;SOLARIMETER
GENERIC_SST_RADIATION_THERMOMETER;SST;;SST_RADIATION_THERMOMETER;SST_RADIATION_THERMOMETER
GENERIC_SST THERMOMETER;SST;;SST THERMOMETER;SST_GENERIC
GENERIC_SST THROUGH HULL SENSOR;SST;;SST THROUGH HULL SENSOR;SST_IMMERSED_THERMOMETER
GENERIC_SST TRAILING THERMISTOR;SST;;SST TRAILING THERMISTOR;SST_TRAILING_THERMISTOR
GENERIC_TEMP_SALINITY_DEPTH_PROBE;SUB_PRESS;SUB_SAL;SUB_T;;TEMP_SALINITY_DEPTH_PROBE;CTD_PRES;CTD_CNDC;CTD_TEMP
GENERIC_THERMOMETER;AIRTEMP;;THERMOMETER;THERMOMETER_GENERIC
GENERIC_TSG;SSS;SST;;TSG;SSS_GENERIC;SST_TSG
GENERIC_TURBIDITY SENSOR;TURBIDITY;;TURBIDITY SENSOR;TURBIDITY_SENSOR
GENERIC_ULTRASONIC WINDSENSOR;WD;WS;;ULTRASONIC WINDSENSOR;ANEMOMETER_SONIC_WD;ANEMOMETER_SONIC_WS
GENERIC_VANE WINDSENSOR;WD;;VANE WINDSENSOR;ANEMOMETER_CUP_AND_WIND_VANE_SEPARATED_WD
GENERIC_WAVE RECORDER;WAVESD;;WAVE RECORDER;WAVE_DIRECTION_RECORDER
GENERIC_WINDSENSOR;WS;WD;;WINDSENSOR;ANEMOMETER_WS_GENERIC;ANEMOMETER_WD_GENERIC
GILL_MAXIMET MARINE GMX260 - with GPS;LAT;LON;AIRTEMP;WD;HUM;WS;ATMPRESS;;MAXIMET MARINE GMX260 - with GPS;GPS_LAT;GPS_LON;AIR_THERMOMETER;ANEMOMETER_SONIC_WD;HYGROMETER_ELECTRONIC;ANEMOMETER_SONIC_WS;BAROMETER_ELECTRIC
GILL_METPACK;WD;WS;;METPACK;ANEMOMETER_SONIC_WD;ANEMOMETER_SONIC_WS
GILL_METPAKII;AIRTEMP;WD;WS;ATMPRESS;;METPAKII;THERMOMETER_ELECTRIC;ANEMOMETER_SONIC_WD;ANEMOMETER_SONIC_WS;BAROMETER_ELECTRIC
GILL_METPAK PRO;AIRTEMP;WD;HUM;WS;ATMPRESS;;METPAK PRO;THERMOMETER_ELECTRIC;ANEMOMETER_SONIC_WD;HYGROMETER_ELECTRONIC;ANEMOMETER_SONIC_WS;BAROMETER_ELECTRIC
GILL_SONIC_ANEMOMETER;WD;WS;;SONIC_ANEMOMETER;ANEMOMETER_SONIC_WD;ANEMOMETER_SONIC_WS
GILL_ULTRASONIC WINDSENSOR;WD;WS;;ULTRASONIC WINDSENSOR;ANEMOMETER_SONIC_WD;ANEMOMETER_SONIC_WS
GILL_WINDOBSERVER;WD;WS;;WINDOBSERVER;ANEMOMETER_SONIC_WD;ANEMOMETER_SONIC_WS
GILL_WINDOBSERVER II;WD;WS;;WINDOBSERVER II;ANEMOMETER_SONIC_WD;ANEMOMETER_SONIC_WS
GILL_WINDOBSERVER IS;WD;WS;;WINDOBSERVER IS;ANEMOMETER_SONIC_WD;ANEMOMETER_SONIC_WS
GILL_WINDSONIC;WD;WS;;WINDSONIC;ANEMOMETER_SONIC_WD;ANEMOMETER_SONIC_WS
GILL_WINDSONIC WS2;WD;WS;;WINDSONIC WS2;ANEMOMETER_SONIC_WD;ANEMOMETER_SONIC_WS
HANSEATIC_180;ATMPRESS;;180;BAROMETER_ANEROID_HAND
HANSEATIC_ANEROID HAND BAROMETER;ATMPRESS;;ANEROID HAND BAROMETER;BAROMETER_ANEROID_HAND
HANSGER_ANEROID HAND BAROMETER;ATMPRESS;;ANEROID HAND BAROMETER;BAROMETER_ANEROID_HAND
HANSHIN ELECTRONICS_HAA-1600;WD;WS;;HAA-1600;ANEMOMETER_CUP_AND_WIND_VANE_COMBINED_WD;ANEMOMETER_CUP_AND_WIND_VANE_COMBINED_WS
HANSHIN ELECTRONICS_HWD-110;WD;WS;;HWD-110;ANEMOMETER_PROPELLER_VANE_WD;ANEMOMETER_PROPELLER_VANE_WS
HANSHIN ELECTRONICS_HWD-300A;WD;WS;;HWD-300A;ANEMOMETER_PROPELLER_VANE_WD;ANEMOMETER_PROPELLER_VANE_WS
HEITRONICS_CT15;SST;;CT15;SST_RADIATION_THERMOMETER
HERIANA_ANEMOMETER;WS;WD;;ANEMOMETER;ANEMOMETER_WS_GENERIC;ANEMOMETER_WD_GENERIC
HERIANA_AT-130;WD;WS;;AT-130;ANEMOMETER_CUP_AND_WIND_VANE_COMBINED_WD;ANEMOMETER_CUP_AND_WIND_VANE_COMBINED_WS
HERIANA_CUP VANE WINDSENSOR;WD;WS;;CUP VANE WINDSENSOR;ANEMOMETER_CUP_AND_WIND_VANE_COMBINED_WD;ANEMOMETER_CUP_AND_WIND_VANE_COMBINED_WS
HERIANA_CUP WINDSENSOR;WS;;CUP WINDSENSOR;ANEMOMETER_CUP_AND_WIND_VANE_SEPARATED_WS
HERIANA_PROPELLER VANE WINDSENSOR;WD;WS;;PROPELLER VANE WINDSENSOR;ANEMOMETER_PROPELLER_VANE_WD;ANEMOMETER_PROPELLER_VANE_WS
HERIANA_ULTRASONIC WINDSENSOR;WD;WS;;ULTRASONIC WINDSENSOR;ANEMOMETER_SONIC_WD;ANEMOMETER_SONIC_WS
HERIANA_VANE WINDSENSOR;WD;;VANE WINDSENSOR;ANEMOMETER_CUP_AND_WIND_VANE_SEPARATED_WD
HERIANA_WINDSENSOR;WS;WD;;WINDSENSOR;ANEMOMETER_WS_GENERIC;ANEMOMETER_WD_GENERIC
HIM_1438;WS;;1438;ANEMOMETER_CUP_AND_WIND_VANE_SEPARATED_WS
HISAMATSU_ANEROID HAND BAROMETER;ATMPRESS;;ANEROID HAND BAROMETER;BAROMETER_ANEROID_HAND
HISAMATSU_TN-6;ATMPRESS;;TN-6;BAROMETER_ANEROID_HAND
HISAMATSU_TN-9A II;ATMPRESS;;TN-9A II;BAROMETER_ANEROID_HAND
HONEYWELL_ANEROID HAND BAROMETER;ATMPRESS;;ANEROID HAND BAROMETER;BAROMETER_ANEROID_HAND
HONEYWELL_ELECTRICAL RESISTANCE THERMOMETER;AIRTEMP;;ELECTRICAL RESISTANCE THERMOMETER;THERMOMETER_ELECTRIC
HONEYWELL_ELECTRIC BAROMETER;ATMPRESS;;ELECTRIC BAROMETER;BAROMETER_ELECTRIC
HONGXING_ALCOHOL THERMOMETER;AIRTEMP;;ALCOHOL THERMOMETER;THERMOMETER_ALCOHOL
HY-NIGO_ALCOHOL THERMOMETER;AIRTEMP;;ALCOHOL THERMOMETER;THERMOMETER_ALCOHOL
HY-NIGO_MERCURY THERMOMETER;AIRTEMP;;MERCURY THERMOMETER;THERMOMETER_MERCURY_DRY_BULB
HYUNDAI_H1385-90;WD;WS;;H1385-90;ANEMOMETER_PROPELLER_VANE_WD;ANEMOMETER_PROPELLER_VANE_WS
IMD_ANEROID HAND BAROMETER;ATMPRESS;;ANEROID HAND BAROMETER;BAROMETER_ANEROID_HAND
IMD_BAROMETER;ATMPRESS;;BAROMETER;BAROMETER_GENERIC
IMD_MERCURY BAROMETER;ATMPRESS;;MERCURY BAROMETER;BAROMETER_MERCURY
IMD_MERCURY THERMOMETER;AIRTEMP;;MERCURY THERMOMETER;THERMOMETER_MERCURY_DRY_BULB
INCOTERM_ALCOHOL THERMOMETER;AIRTEMP;;ALCOHOL THERMOMETER;THERMOMETER_ALCOHOL
ISUZU_ANEROID HAND BAROMETER;ATMPRESS;;ANEROID HAND BAROMETER;BAROMETER_ANEROID_HAND
ISUZU_MERCURY THERMOMETER;AIRTEMP;;MERCURY THERMOMETER;THERMOMETER_MERCURY_DRY_BULB
ITAMI_ANEROID HAND BAROMETER;ATMPRESS;;ANEROID HAND BAROMETER;BAROMETER_ANEROID_HAND
IVER C. WEILBACH AND CO_ANEROID HAND BAROMETER;ATMPRESS;;ANEROID HAND BAROMETER;BAROMETER_ANEROID_HAND
JAEGER_ALCOHOL THERMOMETER;AIRTEMP;;ALCOHOL THERMOMETER;THERMOMETER_ALCOHOL
JDC INSTRUMENTS_CUP VANE WINDSENSOR;WD;WS;;CUP VANE WINDSENSOR;ANEMOMETER_CUP_AND_WIND_VANE_COMBINED_WD;ANEMOMETER_CUP_AND_WIND_VANE_COMBINED_WS
JIAN YIN_EY-11B;WS;;EY-11B;ANEMOMETER_WS_GENERIC
JRM_MERCURY THERMOMETER;AIRTEMP;;MERCURY THERMOMETER;THERMOMETER_MERCURY_DRY_BULB
JULES RICHARD_PROPELLER WINDSENSOR;WS;;PROPELLER WINDSENSOR;ANEMOMETER_PROPELLER_VANE_WS
JUNLU_AMC728;WD;WS;;AMC728;ANEMOMETER_SONIC_WD;ANEMOMETER_SONIC_WS
KAWE_ALCOHOL THERMOMETER;AIRTEMP;;ALCOHOL THERMOMETER;THERMOMETER_ALCOHOL
KELVIN HUGHES_ANEROID HAND BAROMETER;ATMPRESS;;ANEROID HAND BAROMETER;BAROMETER_ANEROID_HAND
KING LIFE ELECTRONICS_ALCOHOL THERMOMETER;AIRTEMP;;ALCOHOL THERMOMETER;THERMOMETER_ALCOHOL
KING LIFE ELECTRONICS_MERCURY THERMOMETER;AIRTEMP;;MERCURY THERMOMETER;THERMOMETER_MERCURY_DRY_BULB
KOLLSMAN_ANEROID HAND BAROMETER;ATMPRESS;;ANEROID HAND BAROMETER;BAROMETER_ANEROID_HAND
KOMATSU LTD_ELECTRIC BAROMETER;ATMPRESS;;ELECTRIC BAROMETER;BAROMETER_ELECTRIC
KONGSBERG_HMS 100;ATMPRESS;;HMS 100;BAROMETER_ELECTRIC
KOSHIN DENKI_07-260;WD;Koshin Denki (5682);07-260;ANEMOMETER_CUP_AND_WIND_VANE_SEPARATED_WD
KOSHIN DENKI_07-262;WS;Koshin Denki (5682);07-262;ANEMOMETER_CUP_AND_WIND_VANE_SEPARATED_WS
KOSHIN DENKI_ANEROID HAND BAROMETER;ATMPRESS;Koshin Denki (5682);ANEROID HAND BAROMETER;BAROMETER_ANEROID_HAND
KOSHIN DENKI_CUP WINDSENSOR;WS;Koshin Denki (5682);CUP WINDSENSOR;ANEMOMETER_CUP_AND_WIND_VANE_SEPARATED_WS
KOSHIN DENKI_ELECTRIC BAROMETER;ATMPRESS;Koshin Denki (5682);ELECTRIC BAROMETER;BAROMETER_ELECTRIC
KOSHIN DENKI_KA-101;WD;WS;Koshin Denki (5682);KA-101;ANEMOMETER_PROPELLER_VANE_WD;ANEMOMETER_PROPELLER_VANE_WS
KOSHIN DENKI_KB-101;WD;WS;Koshin Denki (5682);KB-101;ANEMOMETER_PROPELLER_VANE_WD;ANEMOMETER_PROPELLER_VANE_WS
KOSHIN DENKI_KE-500;WD;WS;Koshin Denki (5682);KE-500;ANEMOMETER_PROPELLER_VANE_WD;ANEMOMETER_PROPELLER_VANE_WS
KOSHIN DENKI_KVS-400-J;WD;WS;Koshin Denki (5682);KVS-400-J;ANEMOMETER_PROPELLER_VANE_WD;ANEMOMETER_PROPELLER_VANE_WS
KOSHIN DENKI_PROPELLER VANE WINDSENSOR;WD;WS;Koshin Denki (5682);PROPELLER VANE WINDSENSOR;ANEMOMETER_PROPELLER_VANE_WD;ANEMOMETER_PROPELLER_VANE_WS
KOSHIN DENKI_R005-341;AIRTEMP;Koshin Denki (5682);R005-341;THERMOMETER_ELECTRIC
KOSHIN DENKI_RS-N1-0;AIRTEMP;Koshin Denki (5682);RS-N1-0;THERMOMETER_ELECTRIC
KOSHIN DENKI_VANE WINDSENSOR;WD;Koshin Denki (5682);VANE WINDSENSOR;ANEMOMETER_CUP_AND_WIND_VANE_SEPARATED_WD
KOSHIN DENKI_WINDSENSOR;WS;WD;Koshin Denki (5682);WINDSENSOR;ANEMOMETER_WS_GENERIC;ANEMOMETER_WD_GENERIC
KSB KOREA_5218;AIRTEMP;;5218;THERMOMETER_MERCURY_DRY_BULB
KSB KOREA_ALCOHOL THERMOMETER;AIRTEMP;;ALCOHOL THERMOMETER;THERMOMETER_MERCURY_DRY_BULB
KSB KOREA_MERCURY THERMOMETER;AIRTEMP;;MERCURY THERMOMETER;THERMOMETER_MERCURY_DRY_BULB
KT MARINE_CONO2;WD;WS;;CONO2;ANEMOMETER_SONIC_WD;ANEMOMETER_SONIC_WS
KT MARINE_CUP WINDSENSOR;WS;;CUP WINDSENSOR;ANEMOMETER_CUP_AND_WIND_VANE_SEPARATED_WS
KT MARINE_ULTRASONIC WINDSENSOR;WD;WS;;ULTRASONIC WINDSENSOR;ANEMOMETER_SONIC_WD;ANEMOMETER_SONIC_WS
KT MARINE_VANE WINDSENSOR;WD;;VANE WINDSENSOR;ANEMOMETER_CUP_AND_WIND_VANE_SEPARATED_WD
KUKDONG_ALCOHOL THERMOMETER;AIRTEMP;;ALCOHOL THERMOMETER;THERMOMETER_ALCOHOL
LACROSSE TECHNOLOGY_ANEROID HAND BAROMETER;ATMPRESS;;ANEROID HAND BAROMETER;BAROMETER_ELECTRIC
LACROSSE TECHNOLOGY_WS-9057;ATMPRESS;;WS-9057;BAROMETER_ELECTRIC
LAMBRECHT_ANEROID HAND BAROMETER;ATMPRESS;;ANEROID HAND BAROMETER;BAROMETER_ANEROID_HAND
LAMBRECHT_ARCO-NAV;WD;WS;;ARCO-NAV;ANEMOMETER_CUP_AND_WIND_VANE_COMBINED_WD;ANEMOMETER_CUP_AND_WIND_VANE_COMBINED_WS
LAMBRECHT_CUP VANE WINDSENSOR;WD;WS;;CUP VANE WINDSENSOR;ANEMOMETER_CUP_AND_WIND_VANE_COMBINED_WD;ANEMOMETER_CUP_AND_WIND_VANE_COMBINED_WS
LAMBRECHT_CUP WINDSENSOR;WS;;CUP WINDSENSOR;ANEMOMETER_CUP_AND_WIND_VANE_SEPARATED_WS
LAMBRECHT_ELECTRICAL RESISTANCE THERMOMETER;AIRTEMP;;ELECTRICAL RESISTANCE THERMOMETER;THERMOMETER_ELECTRIC
LAMBRECHT_ELECTRIC BAROMETER;ATMPRESS;;ELECTRIC BAROMETER;BAROMETER_ELECTRIC
LAMBRECHT_LB-14513;WD;WS;;LB-14513;ANEMOMETER_CUP_AND_WIND_VANE_COMBINED_WD;ANEMOMETER_CUP_AND_WIND_VANE_COMBINED_WS
LAMBRECHT_PROPELLER VANE WINDSENSOR;WD;WS;;PROPELLER VANE WINDSENSOR;ANEMOMETER_PROPELLER_VANE_WD;ANEMOMETER_PROPELLER_VANE_WS
LAMBRECHT_QUATRO MET 1642;WD;WS;;QUATRO MET 1642;ANEMOMETER_SONIC_WD;ANEMOMETER_SONIC_WS
LAMBRECHT_THP PRO;ATMPRESS;;THP PRO;BAROMETER_ELECTRIC
LAMBRECHT_ULTRASONIC WINDSENSOR;WD;WS;;ULTRASONIC WINDSENSOR;ANEMOMETER_SONIC_WD;ANEMOMETER_SONIC_WS
LAMBRECHT_VANE WINDSENSOR;WD;;VANE WINDSENSOR;ANEMOMETER_CUP_AND_WIND_VANE_SEPARATED_WD
LAMBRECHT_WENTO-IND;AIRTEMP;WD;WS;;WENTO-IND;THERMOMETER_ELECTRIC;ANEMOMETER_CUP_AND_WIND_VANE_COMBINED_WD;ANEMOMETER_CUP_AND_WIND_VANE_COMBINED_WS
LAMBRECHT_WENTO-MET;AIRTEMP;;WENTO-MET;THERMOMETER_ELECTRIC
LAMBRECHT_WENTO MET 14516;WD;WS;;WENTO MET 14516;ANEMOMETER_CUP_AND_WIND_VANE_COMBINED_WD;ANEMOMETER_CUP_AND_WIND_VANE_COMBINED_WS
LAURA SUARDI_ANEROID HAND BAROMETER;ATMPRESS;;ANEROID HAND BAROMETER;BAROMETER_ANEROID_HAND
LCJ CAPTEURS_CV3F;WD;WS;;CV3F;ANEMOMETER_SONIC_WD;ANEMOMETER_SONIC_WS
LILLEY AND GILLIE_ANEROID HAND BAROMETER;ATMPRESS;;ANEROID HAND BAROMETER;BAROMETER_ANEROID_HAND
LILLEY AND GILLIE_CUP VANE WINDSENSOR;WD;WS;;CUP VANE WINDSENSOR;ANEMOMETER_CUP_AND_WIND_VANE_COMBINED_WD;ANEMOMETER_CUP_AND_WIND_VANE_COMBINED_WS
LILLEY AND GILLIE_CUP WINDSENSOR;WS;;CUP WINDSENSOR;ANEMOMETER_CUP_AND_WIND_VANE_SEPARATED_WS
LILLEY AND GILLIE_F0944;AIRTEMP;;F0944;THERMOMETER_ALCOHOL
LILLEY AND GILLIE_PROPELLER VANE WINDSENSOR;WD;WS;;PROPELLER VANE WINDSENSOR;ANEMOMETER_PROPELLER_VANE_WD;ANEMOMETER_PROPELLER_VANE_WS
LILLEY AND GILLIE_ULTRASONIC WINDSENSOR;WD;WS;;ULTRASONIC WINDSENSOR;ANEMOMETER_SONIC_WD;ANEMOMETER_SONIC_WS
LILLEY AND GILLIE_VANE WINDSENSOR;WD;;VANE WINDSENSOR;ANEMOMETER_CUP_AND_WIND_VANE_SEPARATED_WD
LILLEY AND GILLIE_WINDSENSOR;WS;WD;;WINDSENSOR;ANEMOMETER_WS_GENERIC;ANEMOMETER_WD_GENERIC
LILLEY AND GILLIE_WLAKER P292;WD;WS;;WLAKER P292;ANEMOMETER_SONIC_WD;ANEMOMETER_SONIC_WS
LUFFT_2207 SH;ATMPRESS;;2207 SH;BAROMETER_ANEROID_HAND
LUFFT_VENTUS;WD;WS;;VENTUS;ANEMOMETER_SONIC_WD;ANEMOMETER_SONIC_WS
MARINE SERVICES CANADA_TYPE B;ATMPRESS;;TYPE B;BAROMETER_ANEROID_HAND
MASONS_ALCOHOL THERMOMETER;AIRTEMP;;ALCOHOL THERMOMETER;THERMOMETER_ALCOHOL
MAXIMUM WEATHER INSTRUMENTS_PROTEUS;ATMPRESS;;PROTEUS;BAROMETER_ANEROID_HAND
MC_ALCOHOL THERMOMETER;AIRTEMP;;ALCOHOL THERMOMETER;THERMOMETER_ALCOHOL
MECHANISM_ELECTRIC BAROMETER;ATMPRESS;;ELECTRIC BAROMETER;BAROMETER_ELECTRIC
MECHANISM LTD_ANEROID DIGITAL BAROMETER;ATMPRESS;;ANEROID DIGITAL BAROMETER;BAROMETER_ANEROID_DIGITAL
MECHANISM LTD_MK I;ATMPRESS;;MK I;BAROMETER_ANEROID_DIGITAL
MECHANISM LTD_MK II;ATMPRESS;;MK II;BAROMETER_ANEROID_DIGITAL
METEO FRANCE_FLEXIBLE PT100 GLUED;SST;Meteo France (1521);FLEXIBLE PT100 GLUED;SST_HULL_CONTACT_SENSOR
METEO FRANCE_FLEXIBLE PT100 MAGNETS;SST;Meteo France (1521);FLEXIBLE PT100 MAGNETS;SST_HULL_CONTACT_SENSOR
MINTAKA_DUO;ATMPRESS;;DUO;BAROMETER_ELECTRIC
MINTAKA_STAR;ATMPRESS;;STAR;BAROMETER_ELECTRIC
MINTAKA_STARX;AIRTEMP;ATMPRESS;;STARX;THERMOMETER_ELECTRIC;BAROMETER_ELECTRIC
MINTAKA_STARXG;AIRTEMP;ATMPRESS;;STARXG;THERMOMETER_ELECTRIC;BAROMETER_ELECTRIC
MUNRO_CUP VANE WINDSENSOR;WD;WS;;CUP VANE WINDSENSOR;ANEMOMETER_CUP_AND_WIND_VANE_COMBINED_WD;ANEMOMETER_CUP_AND_WIND_VANE_COMBINED_WS
MUNRO_CUP WINDSENSOR;WD;;CUP WINDSENSOR;ANEMOMETER_CUP_AND_WIND_VANE_SEPARATED_WD
MUNRO_SO/8;WD;WS;;SO/8;ANEMOMETER_CUP_AND_WIND_VANE_COMBINED_WD;ANEMOMETER_CUP_AND_WIND_VANE_COMBINED_WS
MURAYAMA DENKI_3100Z;AIRTEMP;;3100Z;THERMOMETER_ELECTRIC
NAUDET_ANEROID HAND BAROMETER;ATMPRESS;;ANEROID HAND BAROMETER;BAROMETER_ANEROID_HAND
NAUDET_BAROMETER_ANEROID_DIGITAL;ATMPRESS;;BAROMETER_ANEROID_DIGITAL;BAROMETER_ANEROID_DIGITAL
NAVAL WEATHER SERVICE_ANEROID HAND BAROMETER;ATMPRESS;;ANEROID HAND BAROMETER;BAROMETER_ANEROID_HAND
NEGRETTI AND ZAMBRA_ANEROID DIGITAL BAROMETER;ATMPRESS;;ANEROID DIGITAL BAROMETER;BAROMETER_ANEROID_DIGITAL
NEGRETTI AND ZAMBRA_ANEROID HAND BAROMETER;ATMPRESS;;ANEROID HAND BAROMETER;BAROMETER_ANEROID_DIGITAL
NEGRETTI AND ZAMBRA_MK 3;ATMPRESS;;MK 3;BAROMETER_ANEROID_DIGITAL
NEGRETTI AND ZAMBRA_MK I;ATMPRESS;;MK I;BAROMETER_ANEROID_DIGITAL
NEGRETTI AND ZAMBRA_MK II;ATMPRESS;;MK II;BAROMETER_ANEROID_DIGITAL
NIKKEI_ALCOHOL THERMOMETER;AIRTEMP;;ALCOHOL THERMOMETER;THERMOMETER_ALCOHOL
NIKKEI_MERCURY THERMOMETER;AIRTEMP;;MERCURY THERMOMETER;THERMOMETER_MERCURY_DRY_BULB
NIMBUS_MMTS;AIRTEMP;;MMTS;THERMOMETER_ELECTRIC
NIPPON ELECTRIC INSTRUMENT_A15;WD;WS;;A15;ANEMOMETER_CUP_AND_WIND_VANE_SEPARATED_WD;ANEMOMETER_CUP_AND_WIND_VANE_SEPARATED_WS
NIPPON_ELECTRIC_INSTRUMENT_ANEMOMETER;WD;;ELECTRIC_INSTRUMENT_ANEMOMETER;ANEMOMETER_WD_GENERIC
NIPPON ELECTRIC INSTRUMENT_CUP VANE WINDSENSOR;WD;WS;;CUP VANE WINDSENSOR;ANEMOMETER_CUP_AND_WIND_VANE_SEPARATED_WD;ANEMOMETER_CUP_AND_WIND_VANE_SEPARATED_WS
NIPPON ELECTRIC INSTRUMENT_CUP WINDSENSOR;WS;;CUP WINDSENSOR;ANEMOMETER_CUP_AND_WIND_VANE_SEPARATED_WS
NIPPON ELECTRIC INSTRUMENT_E110;WD;WS;;E110;ANEMOMETER_PROPELLER_VANE_WD;ANEMOMETER_PROPELLER_VANE_WS
NIPPON ELECTRIC INSTRUMENT INC_ANEROID HAND BAROMETER;ATMPRESS;;ANEROID HAND BAROMETER;BAROMETER_ANEROID_HAND
NIPPON ELECTRIC INSTRUMENT INC_AT801-B;ATMPRESS;;AT801-B;BAROMETER_ELECTRIC
NIPPON ELECTRIC INSTRUMENT INC_ELECTRICAL RESISTANCE THERMOMETER;AIRTEMP;;ELECTRICAL RESISTANCE THERMOMETER;THERMOMETER_ELECTRIC
NIPPON ELECTRIC INSTRUMENT INC_ELECTRIC BAROMETER;ATMPRESS;;ELECTRIC BAROMETER;BAROMETER_ELECTRIC
NIPPON ELECTRIC INSTRUMENT INC_N270;ATMPRESS;;N270;BAROMETER_ELECTRIC
NIPPON ELECTRIC INSTRUMENT INC_N59-E;AIRTEMP;;N59-E;THERMOMETER_ELECTRIC
NIPPON ELECTRIC INSTRUMENT INC_N-64;AIRTEMP;;N-64;THERMOMETER_ELECTRIC
NIPPON ELECTRIC INSTRUMENT INC_TS-301C;AIRTEMP;;TS-301C;THERMOMETER_ELECTRIC
NIPPON ELECTRIC INSTRUMENT_N162A;WD;WS;;N162A;ANEMOMETER_PROPELLER_VANE_WD;ANEMOMETER_PROPELLER_VANE_WS
NIPPON ELECTRIC INSTRUMENT_N162D;WD;WS;;N162D;ANEMOMETER_PROPELLER_VANE_WD;ANEMOMETER_PROPELLER_VANE_WS
NIPPON ELECTRIC INSTRUMENT_N363D;WD;WS;;N363D;ANEMOMETER_PROPELLER_VANE_WD;ANEMOMETER_PROPELLER_VANE_WS
NIPPON ELECTRIC INSTRUMENT_N53;WD;WS;;N53;ANEMOMETER_PROPELLER_VANE_WD;ANEMOMETER_PROPELLER_VANE_WS
NIPPON ELECTRIC INSTRUMENT_NP319A;WD;WS;;NP319A;ANEMOMETER_CUP_AND_WIND_VANE_SEPARATED_WD;ANEMOMETER_CUP_AND_WIND_VANE_SEPARATED_WS
NIPPON ELECTRIC INSTRUMENT_NP434;WD;WS;;NP434;ANEMOMETER_CUP_AND_WIND_VANE_SEPARATED_WD;ANEMOMETER_CUP_AND_WIND_VANE_SEPARATED_WS
NIPPON ELECTRIC INSTRUMENT_NP890;WD;WS;;NP890;ANEMOMETER_PROPELLER_VANE_WD;ANEMOMETER_PROPELLER_VANE_WS
NIPPON ELECTRIC INSTRUMENT_PROPELLER VANE WINDSENSOR;WD;WS;;PROPELLER VANE WINDSENSOR;ANEMOMETER_PROPELLER_VANE_WD;ANEMOMETER_PROPELLER_VANE_WS
NIPPON_ELECTRIC_INSTRUMENT_THERMOMETER;AIRTEMP;;ELECTRIC_INSTRUMENT_THERMOMETER;THERMOMETER_GENERIC
NIPPON ELECTRIC INSTRUMENT_ULTRASONIC WINDSENSOR;WD;WS;;ULTRASONIC WINDSENSOR;ANEMOMETER_SONIC_WD;ANEMOMETER_SONIC_WS
NIPPON ELECTRIC INSTRUMENT_VANE WINDSENSOR;WD;;VANE WINDSENSOR;ANEMOMETER_CUP_AND_WIND_VANE_SEPARATED_WD
NIPPON ELECTRIC INSTRUMENT_WINDSENSOR;WS;WD;;WINDSENSOR;ANEMOMETER_WS_GENERIC;ANEMOMETER_WD_GENERIC
NISSAN_PROPELLER VANE WINDSENSOR;WD;WS;;PROPELLER VANE WINDSENSOR;ANEMOMETER_PROPELLER_VANE_WD;ANEMOMETER_PROPELLER_VANE_WS
NKE_ELECTRIC BAROMETER;ATMPRESS;NKE Instrumentation (4960);ELECTRIC BAROMETER;BAROMETER_ELECTRIC
NKE_SP2T;SST;NKE Instrumentation (4960);SP2T;SST_GENERIC
NKE_SP2T1200;SUB_PRESS;SUB_T;NKE Instrumentation (4960);SP2T1200;CTD_PRES;CTD_TEMP
NKE_SP2T300;SUB_PRESS;SUB_T;NKE Instrumentation (4960);SP2T300;CTD_PRES;CTD_TEMP
NKE_SP2T600;SUB_PRESS;SUB_T;NKE Instrumentation (4960);SP2T600;CTD_PRES;CTD_TEMP
NKE_WiSensCTD_300;SUB_PRESS;SUB_SAL;SUB_T;NKE Instrumentation (4960);WiSensCTD_300;CTD_PRES;CTD_CNDC;CTD_TEMP
NKE_WiSensTD_500;SUB_PRESS;SUB_T;NKE Instrumentation (4960);WiSensTD_500;CTD_PRES;CTD_TEMP
NKW_PROPELLER VANE WINDSENSOR;WD;WS;;PROPELLER VANE WINDSENSOR;ANEMOMETER_PROPELLER_VANE_WD;ANEMOMETER_PROPELLER_VANE_WS
NURNBERG_ALCOHOL THERMOMETER;AIRTEMP;;ALCOHOL THERMOMETER;THERMOMETER_ALCOHOL
NURNBERG_MERCURY THERMOMETER;AIRTEMP;;MERCURY THERMOMETER;THERMOMETER_MERCURY_DRY_BULB
OBSERVATOR_ELECTRIC BAROMETER;ATMPRESS;;ELECTRIC BAROMETER;BAROMETER_ELECTRIC
OBSERVATOR_OMC116;WD;WS;;OMC116;ANEMOMETER_SONIC_WD;ANEMOMETER_SONIC_WS
OBSERVATOR_OMC-150;WD;WS;;OMC-150;ANEMOMETER_CUP_AND_WIND_VANE_COMBINED_WD;ANEMOMETER_CUP_AND_WIND_VANE_COMBINED_WS
OBSERVATOR_OMC-160;WD;WS;;OMC-160;ANEMOMETER_CUP_AND_WIND_VANE_COMBINED_WD;ANEMOMETER_CUP_AND_WIND_VANE_COMBINED_WS
OBSERVATOR_OMC-406;AIRTEMP;;OMC-406;THERMOMETER_ELECTRIC
OBSERVATOR_OMC-442;AIRTEMP;;OMC-442;THERMOMETER_ELECTRIC
OBSERVATOR_OMC-443;AIRTEMP;;OMC-443;THERMOMETER_ELECTRIC
OBSERVATOR_OMC-506;ATMPRESS;;OMC-506;BAROMETER_ELECTRIC
OBSERVATOR_OMC-842;AIRTEMP;ATMPRESS;;OMC-842;THERMOMETER_ELECTRIC;BAROMETER_ELECTRIC
OBSERVATOR_OMC-942;AIRTEMP;;OMC-942;THERMOMETER_ELECTRIC
OGASAWARA_ANEROID HAND BAROMETER;ATMPRESS;;ANEROID HAND BAROMETER;BAROMETER_ANEROID_HAND
OGASAWARA_BAROMETER;ATMPRESS;;BAROMETER;BAROMETER_GENERIC
OGASAWARA_ELECTRICAL RESISTANCE THERMOMETER;AIRTEMP;;ELECTRICAL RESISTANCE THERMOMETER;THERMOMETER_ELECTRIC
OGASAWARA_ELECTRIC BAROMETER;ATMPRESS;;ELECTRIC BAROMETER;BAROMETER_ELECTRIC
OGASAWARA_MERCURY THERMOMETER;AIRTEMP;;MERCURY THERMOMETER;THERMOMETER_MERCURY_DRY_BULB
OMEGA_PRMAG;SST;;PRMAG;SST_HULL_CONTACT_SENSOR
OREGONSCIENTIFIC_ELECTRICAL RESISTANCE THERMOMETER;AIRTEMP;;ELECTRICAL RESISTANCE THERMOMETER;THERMOMETER_ELECTRIC
OSAKA NUNOTANI SEIKI_4PN;WD;WS;;4PN;ANEMOMETER_PROPELLER_VANE_WD;ANEMOMETER_PROPELLER_VANE_WS
OSAKA NUNOTANI SEIKI_ANEROID DIGITAL BAROMETER;ATMPRESS;;ANEROID DIGITAL BAROMETER;BAROMETER_ANEROID_DIGITAL
OSAKA NUNOTANI SEIKI_CUP VANE WINDSENSOR;WD;WS;;CUP VANE WINDSENSOR;ANEMOMETER_CUP_AND_WIND_VANE_COMBINED_WD;ANEMOMETER_CUP_AND_WIND_VANE_COMBINED_WS
OSAKA NUNOTANI SEIKI_CUP WINDSENSOR;WS;;CUP WINDSENSOR;ANEMOMETER_CUP_AND_WIND_VANE_SEPARATED_WS
OSAKA NUNOTANI SEIKI_PROPELLER VANE WINDSENSOR;WD;WS;;PROPELLER VANE WINDSENSOR;ANEMOMETER_PROPELLER_VANE_WD;ANEMOMETER_PROPELLER_VANE_WS
OSAKA NUNOTANI SEIKI_ULTRASONIC WINDSENSOR;WD;WS;;ULTRASONIC WINDSENSOR;ANEMOMETER_SONIC_WD;ANEMOMETER_SONIC_WS
OSAKA NUNOTANI SEIKI_VANE WINDSENSOR;WD;;VANE WINDSENSOR;ANEMOMETER_CUP_AND_WIND_VANE_SEPARATED_WD
OTA KEIKI SEISAKUSHO_9A-05;ATMPRESS;;9A-05;BAROMETER_ANEROID_HAND
OTA KEIKI SEISAKUSHO_9A-05 II;ATMPRESS;;9A-05 II;BAROMETER_ANEROID_HAND
OTA KEIKI SEISAKUSHO_ANEROID HAND BAROMETER;ATMPRESS;;ANEROID HAND BAROMETER;BAROMETER_ANEROID_HAND
OTA KEIKI SEISAKUSHO_BAROMETER;ATMPRESS;;BAROMETER;BAROMETER_ANEROID_HAND
OTA KEIKI SEISAKUSHO_ELECTRIC BAROMETER;ATMPRESS;;ELECTRIC BAROMETER;BAROMETER_ELECTRIC
OTA KEIKI SEISAKUSHO_MERCURY THERMOMETER;AIRTEMP;;MERCURY THERMOMETER;THERMOMETER_MERCURY_DRY_BULB
OTA KEIKI SEISAKUSHO_OT-403;ATMPRESS;;OT-403;BAROMETER_ANEROID_HAND
OTA KEIKI SEISAKUSHO_OZ-9;ATMPRESS;;OZ-9;BAROMETER_ANEROID_HAND
OTA KEIKI SEISAKUSHO_TN-11;ATMPRESS;;TN-11;BAROMETER_ANEROID_HAND
OTA KEIKI SEISAKUSHO_TN-6;ATMPRESS;;TN-6;BAROMETER_ANEROID_HAND
PAROSCIENTIFIC_DIGIQUARTZ;ATMPRESS;;DIGIQUARTZ;BAROMETER_ELECTRIC
PAROSCIENTIFIC_DIGIQUARTZ 1016B-1;ATMPRESS;;DIGIQUARTZ 1016B-1;BAROMETER_ELECTRIC
PAROSCIENTIFIC_DIGIQUARTZ 710;ATMPRESS;;DIGIQUARTZ 710;BAROMETER_ELECTRIC
PAROSCIENTIFIC_MET3A;HUM;;MET3A;HYGROMETER_ELECTRONIC
PCE INSTRUMENTS_PCE-HVAC 3;AIRTEMP;HUM;;PCE-HVAC 3;THERMOMETER_ELECTRIC;HYGROMETER_ELECTRONIC
PENNWALT_FA185260E;ATMPRESS;;FA185260E;BAROMETER_ANEROID_HAND
PENTRONIC_PT100;AIRTEMP;;PT100;THERMOMETER_ELECTRIC
PRAECISIONS_MARINEBARO_SUNDO61;ATMPRESS;;MARINEBARO_SUNDO61;BAROMETER_ANEROID_HAND
PROSTAT_ELECTRICAL RESISTANCE THERMOMETER;AIRTEMP;;ELECTRICAL RESISTANCE THERMOMETER;THERMOMETER_ELECTRIC
PROSTAT_ELECTRONIC HYGROMETER;HUM;;ELECTRONIC HYGROMETER;HYGROMETER_ELECTRONIC
PROSTAT_PHT771;AIRTEMP;HUM;;PHT771;THERMOMETER_ELECTRIC;HYGROMETER_ELECTRONIC
PROVA_AVM-05;WS;;AVM-05;ANEMOMETER_PROPELLER_VANE_WS
PROVA_AVM-07;WS;;AVM-07;ANEMOMETER_PROPELLER_VANE_WS
PROVA_PROPELLER WINDSENSOR;WS;;PROPELLER WINDSENSOR;ANEMOMETER_CUP_AND_WIND_VANE_SEPARATED_WS
RABER_METEOGRAF;ATMPRESS;;METEOGRAF;BAROGRAPH_GENERIC
RADIOSHACK_ELECTRICAL RESISTANCE THERMOMETER;AIRTEMP;;ELECTRICAL RESISTANCE THERMOMETER;THERMOMETER_ELECTRIC
REGULUS_ANEROID HAND BAROMETER;ATMPRESS;;ANEROID HAND BAROMETER;BAROMETER_ANEROID_HAND
RG_ALCOHOL THERMOMETER;AIRTEMP;;ALCOHOL THERMOMETER;THERMOMETER_ALCOHOL
RG_MERCURY THERMOMETER;AIRTEMP;;MERCURY THERMOMETER;THERMOMETER_MERCURY_DRY_BULB
RG_PROPELLER VANE WINDSENSOR;WD;WS;;PROPELLER VANE WINDSENSOR;ANEMOMETER_PROPELLER_VANE_WD;ANEMOMETER_PROPELLER_VANE_WS
RHYTHM WATCH_ANEROID HAND BAROMETER;ATMPRESS;;ANEROID HAND BAROMETER;BAROMETER_ANEROID_HAND
RMS MARINE SERVICE_ANEROID HAND BAROMETER;ATMPRESS;;ANEROID HAND BAROMETER;BAROMETER_ANEROID_HAND
RM YOUNG_05103;WD;WS;RM YOUNG (3611);5103;ANEMOMETER_PROPELLER_VANE_WD;ANEMOMETER_PROPELLER_VANE_WS
RM YOUNG_05106;WD;WS;RM YOUNG (3611);5106;ANEMOMETER_PROPELLER_VANE_WD;ANEMOMETER_PROPELLER_VANE_WS
RM YOUNG_26700;AIRTEMP;RM YOUNG (3611);26700;THERMOMETER_ELECTRIC
RM YOUNG_26800;AIRTEMP;RM YOUNG (3611);26800;THERMOMETER_ELECTRIC
RM YOUNG_41342;AIRTEMP;RM YOUNG (3611);41342;THERMOMETER_ELECTRIC
RM YOUNG_41372;AIRTEMP;HUM;RM YOUNG (3611);41372;THERMOMETER_ELECTRIC;HYGROMETER_ELECTRONIC
RM YOUNG_41382;AIRTEMP;HUM;RM YOUNG (3611);41382;THERMOMETER_ELECTRIC;HYGROMETER_ELECTRONIC
RM YOUNG_61201;ATMPRESS;RM YOUNG (3611);61201;BAROMETER_ELECTRIC
RM YOUNG_61302;ATMPRESS;RM YOUNG (3611);61302;BAROMETER_ELECTRIC
RM YOUNG_85106;WD;WS;RM YOUNG (3611);85106;ANEMOMETER_SONIC_WD;ANEMOMETER_SONIC_WS
RM YOUNG_ALCOHOL THERMOMETER;AIRTEMP;RM YOUNG (3611);ALCOHOL THERMOMETER;THERMOMETER_ALCOHOL
RMYOUNG_ANEMOMETER;WS;WD;RM YOUNG (3611);ANEMOMETER;ANEMOMETER_WS_GENERIC;ANEMOMETER_WD_GENERIC
RM YOUNG_BAROMETER;ATMPRESS;RM YOUNG (3611);BAROMETER;BAROMETER_GENERIC
RM YOUNG_CUP VANE WINDSENSOR;WD;WS;RM YOUNG (3611);CUP VANE WINDSENSOR;ANEMOMETER_CUP_AND_WIND_VANE_COMBINED_WD;ANEMOMETER_CUP_AND_WIND_VANE_COMBINED_WS
RM YOUNG_CUP WINDSENSOR;WS;RM YOUNG (3611);CUP WINDSENSOR;ANEMOMETER_CUP_AND_WIND_VANE_SEPARATED_WS
RM YOUNG_ELECTRICAL RESISTANCE THERMOMETER;AIRTEMP;RM YOUNG (3611);ELECTRICAL RESISTANCE THERMOMETER;THERMOMETER_ELECTRIC
RM YOUNG_ELECTRIC BAROMETER;ATMPRESS;RM YOUNG (3611);ELECTRIC BAROMETER;BAROMETER_ELECTRIC
RM YOUNG_PROPELLER VANE WINDSENSOR;WD;WS;RM YOUNG (3611);PROPELLER VANE WINDSENSOR;ANEMOMETER_PROPELLER_VANE_WD;ANEMOMETER_PROPELLER_VANE_WS
RMYOUNG_THERMOMETER;AIRTEMP;RM YOUNG (3611);THERMOMETER;THERMOMETER_GENERIC
RM YOUNG_ULTRASONIC WINDSENSOR;WD;WS;RM YOUNG (3611);ULTRASONIC WINDSENSOR;ANEMOMETER_SONIC_WD;ANEMOMETER_SONIC_WS
RM YOUNG_VANE WINDSENSOR;WD;RM YOUNG (3611);VANE WINDSENSOR;ANEMOMETER_CUP_AND_WIND_VANE_SEPARATED_WD
ROBERT E. WHITE_ANEROID HAND BAROMETER;ATMPRESS;;ANEROID HAND BAROMETER;BAROMETER_ANEROID_HAND
ROSEMOUNT_244;AIRTEMP;;244;THERMOMETER_ELECTRIC
ROSEMOUNT_4A-BS-1904;AIRTEMP;;4A-BS-1904;THERMOMETER_ELECTRIC
ROSEMOUNT_ELECTRICAL RESISTANCE THERMOMETER;AIRTEMP;;ELECTRICAL RESISTANCE THERMOMETER;THERMOMETER_ELECTRIC
ROSEMOUNT_PT100;AIRTEMP;;PT100;THERMOMETER_ELECTRIC
ROSEMOUNT_ST2401;AIRTEMP;;ST2401;THERMOMETER_ELECTRIC
ROTRONIC_ELECTRICAL RESISTANCE THERMOMETER;AIRTEMP;;ELECTRICAL RESISTANCE THERMOMETER;THERMOMETER_ELECTRIC
ROTRONIC_ELECTRONIC HYGROMETER;HUM;;ELECTRONIC HYGROMETER;HYGROMETER_ELECTRONIC
ROTRONIC_HC2-S3;AIRTEMP;HUM;;HC2-S3;THERMOMETER_ELECTRIC;HYGROMETER_ELECTRONIC
ROTRONIC_HC-S3;AIRTEMP;HUM;;HC-S3;THERMOMETER_ELECTRIC;HYGROMETER_ELECTRONIC
ROTRONIC_HYGROCLIP;AIRTEMP;HUM;;HYGROCLIP;THERMOMETER_ELECTRIC;HYGROMETER_ELECTRONIC
ROTRONIC_HYGROCLIP 2;AIRTEMP;HUM;;HYGROCLIP 2;THERMOMETER_ELECTRIC;HYGROMETER_ELECTRONIC
ROTRONIC_HYGROPALM;AIRTEMP;HUM;;HYGROPALM;THERMOMETER_ELECTRIC;HYGROMETER_ELECTRONIC
ROTRONIC_HYGROPALM HP22;AIRTEMP;HUM;;HYGROPALM HP22;THERMOMETER_ELECTRIC;HYGROMETER_ELECTRONIC
ROTRONIC_MP100;AIRTEMP;HUM;;MP100;THERMOMETER_ELECTRIC;HYGROMETER_ELECTRONIC
ROTRONIC_MP101A;AIRTEMP;HUM;;MP101A;THERMOMETER_ELECTRIC;HYGROMETER_ELECTRONIC
ROTRONIC_MP408A;AIRTEMP;;MP408A;THERMOMETER_ELECTRIC
ROTRONIC_S3C03;AIRTEMP;HUM;;S3C03;THERMOMETER_ELECTRIC;HYGROMETER_ELECTRONIC
ROTRONIC_THERMOMETER;AIRTEMP;;THERMOMETER;THERMOMETER_GENERIC
SAM ELECTRONICS_CUP WINDSENSOR;WS;;CUP WINDSENSOR;ANEMOMETER_CUP_AND_WIND_VANE_SEPARATED_WS
SAM ELECTRONICS_ELECTRICAL RESISTANCE THERMOMETER;AIRTEMP;;ELECTRICAL RESISTANCE THERMOMETER;THERMOMETER_ELECTRIC
SAM Electronics_ELECTRIC BAROMETER;ATMPRESS;;ELECTRIC BAROMETER;BAROMETER_ELECTRIC
SAM ELECTRONICS_PROPELLER VANE WINDSENSOR;WD;WS;;PROPELLER VANE WINDSENSOR;ANEMOMETER_PROPELLER_VANE_WD;ANEMOMETER_PROPELLER_VANE_WS
SAM ELECTRONICS_VANE WINDSENSOR;WD;;VANE WINDSENSOR;ANEMOMETER_CUP_AND_WIND_VANE_SEPARATED_WD
SAMSUNG_ANEROID HAND BAROMETER;ATMPRESS;;ANEROID HAND BAROMETER;BAROMETER_ANEROID_HAND
SAMSUNG HEAVY INDUSTRY_PROPELLER VANE WINDSENSOR;WD;WS;;PROPELLER VANE WINDSENSOR;ANEMOMETER_PROPELLER_VANE_WD;ANEMOMETER_PROPELLER_VANE_WS
SANOH INSTRUMENT CO. LTD._61;ATMPRESS;;61;BAROMETER_ANEROID_HAND
SANOH INSTRUMENT CO. LTD._ANEROID HAND BAROMETER;ATMPRESS;;ANEROID HAND BAROMETER;BAROMETER_ANEROID_HAND
SANOH INSTRUMENT CO. LTD._BAROMETER;ATMPRESS;;BAROMETER;BAROMETER_GENERIC
SANOH INSTRUMENT CO. LTD._CS-21;ATMPRESS;;CS-21;BAROMETER_ANEROID_HAND
SANOH INSTRUMENT CO. LTD._ELECTRIC BAROMETER;ATMPRESS;;ELECTRIC BAROMETER;BAROMETER_ELECTRIC
SANOH INSTRUMENT CO. LTD._S8;ATMPRESS;;S8;BAROMETER_ANEROID_HAND
SANOH INSTRUMENT CO. LTD._S8 II;ATMPRESS;;S8 II;BAROMETER_ANEROID_HAND
SANOH INSTRUMENT CO. LTD._SBR-502;ATMPRESS;;SBR-502;BAROMETER_ANEROID_HAND
SATO KEIRSOKI_ALCOHOL THERMOMETER;AIRTEMP;;ALCOHOL THERMOMETER;THERMOMETER_ALCOHOL
SATO KEIRSOKI_ELECTRICAL RESISTANCE THERMOMETER;AIRTEMP;;ELECTRICAL RESISTANCE THERMOMETER;THERMOMETER_ELECTRIC
SATO KEIRSOKI_MERCURY THERMOMETER;AIRTEMP;;MERCURY THERMOMETER;THERMOMETER_MERCURY_DRY_BULB
SATO KEIRYOKI_553;ATMPRESS;;553;BAROMETER_ANEROID_HAND
SATO KEIRYOKI_560;ATMPRESS;;560;BAROMETER_ANEROID_HAND
SATO KEIRYOKI_ANEROID HAND BAROMETER;ATMPRESS;;ANEROID HAND BAROMETER;BAROMETER_ANEROID_HAND
SATO KEIRYOKI_SIGMA;ATMPRESS;;SIGMA;BAROMETER_ANEROID_HAND
SATO KEIRYOKI_SIGMA II;ATMPRESS;;SIGMA II;BAROMETER_ANEROID_HAND
SATO_PROPELLER VANE WINDSENSOR;WD;WS;;PROPELLER VANE WINDSENSOR;ANEMOMETER_PROPELLER_VANE_WD;ANEMOMETER_PROPELLER_VANE_WS
SCHNEIDER_6100;AIRTEMP;;6100;THERMOMETER_MERCURY_DRY_BULB
SCHNEIDER_ALCOHOL THERMOMETER;AIRTEMP;;ALCOHOL THERMOMETER;THERMOMETER_ALCOHOL
SCHNEIDER_MERCURY THERMOMETER;AIRTEMP;;MERCURY THERMOMETER;THERMOMETER_MERCURY_DRY_BULB
SCHNEIDER_THERMOMETER;AIRTEMP;;THERMOMETER;THERMOMETER_GENERIC
SEABIRD_SBE21;SST;SSS;Sea-Bird Electronics, Inc. (3618);SBE21;SST_TSG;SSS_TSG
SEABIRD_SBE37;SUB_SAL;SUB_T;Sea-Bird Electronics, Inc. (3618);SBE37;CTD_CNDC;CTD_TEMP
SEABIRD_SBE38;SST;Sea-Bird Electronics, Inc. (3618);SBE38;SST_IMMERSED_THERMOMETER
SEABIRD_SBE3S;SST;Sea-Bird Electronics, Inc. (3618);SBE3S;SST_IMMERSED_THERMOMETER
SEABIRD_SBE45;SST;SSS;Sea-Bird Electronics, Inc. (3618);SBE45;SST_TSG;SSS_TSG
SEABIRD_SBE48;SST;Sea-Bird Electronics, Inc. (3618);SBE48;SST_HULL_CONTACT_SENSOR
SEABIRD_SBE49;SUB_PRESS;SUB_SAL;SUB_T;Fisheries and Oceans Canada (5370);SBE49;CTD_PRES;CTD_CNDC;CTD_TEMP
SESTREL_ANEROID HAND BAROMETER;ATMPRESS;;ANEROID HAND BAROMETER;BAROMETER_ANEROID_HAND
SESTREL_MERCURY BAROMETER;ATMPRESS;;MERCURY BAROMETER;BAROMETER_MERCURY
SETRA_370;ATMPRESS;;370;BAROMETER_ELECTRIC
SETRA_470;ATMPRESS;;470;BAROMETER_ELECTRIC
SETRA_CS100;ATMPRESS;;CS100;BAROMETER_ELECTRIC
SETRA_ELECTRIC BAROMETER;ATMPRESS;;ELECTRIC BAROMETER;BAROMETER_ELECTRIC
SHANGHAI_272-A;AIRTEMP;;272-A;THERMOMETER_ALCOHOL
SHANGHAI_ALCOHOL THERMOMETER;AIRTEMP;;ALCOHOL THERMOMETER;THERMOMETER_ALCOHOL
SHANGHAI_MERCURY THERMOMETER;AIRTEMP;;MERCURY THERMOMETER;THERMOMETER_MERCURY_DRY_BULB
SHANGHAI SHEN HANG_CZ-5;WD;WS;;CZ-5;ANEMOMETER_PROPELLER_VANE_WD;ANEMOMETER_PROPELLER_VANE_WS
SHANGHAI YIPIN INSTRUMENTS AND METERS_ANEROID HAND BAROMETER;ATMPRESS;;ANEROID HAND BAROMETER;BAROMETER_ANEROID_HAND
SHATZ_ANEROID HAND BAROMETER;ATMPRESS;;ANEROID HAND BAROMETER;BAROMETER_ANEROID_HAND
SIMRAD_CUP WINDSENSOR;WS;SIMRAD, Kongsberg Maritime AS (2283);CUP WINDSENSOR;ANEMOMETER_CUP_AND_WIND_VANE_SEPARATED_WS
SIMRAD_VANE WINDSENSOR;WD;SIMRAD, Kongsberg Maritime AS (2283);VANE WINDSENSOR;ANEMOMETER_CUP_AND_WIND_VANE_SEPARATED_WD
SIPPICAN_DEEPBLUE;SUB_T;DEPTH;SIPPICAN (3624);DEEPBLUE;SWT_XBT;DEP_XBT
SIPPICAN_FASTDEEP;SUB_T;DEPTH;SIPPICAN (3624);FASTDEEP;SWT_XBT;DEP_XBT
SIPPICAN_T10;SUB_T;DEPTH;SIPPICAN (3624);T10;SWT_XBT;DEP_XBT
SIPPICAN_T11;SUB_T;DEPTH;SIPPICAN (3624);T11;SWT_XBT;DEP_XBT
SIPPICAN_T4;SUB_T;DEPTH;SIPPICAN (3624);T4;SWT_XBT;DEP_XBT
SIPPICAN_T5;SUB_T;DEPTH;SIPPICAN (3624);T5;SWT_XBT;DEP_XBT
SIPPICAN_T5_20;SUB_T;DEPTH;SIPPICAN (3624);T5_20;SWT_XBT;DEP_XBT
SIPPICAN_T6;SUB_T;DEPTH;SIPPICAN (3624);T6;SWT_XBT;DEP_XBT
SIPPICAN_T7;SUB_T;DEPTH;SIPPICAN (3624);T7;SWT_XBT;DEP_XBT
SIPPICAN_XCTD-1;SUB_SAL;SUB_T;CNDC;DEPTH;SIPPICAN (3624);XCTD-1;SWS_XCTD;SWT_XCTD;COND_XCTD;DEP_XCTD
SIPPICAN_XCTD-2;SUB_SAL;SUB_T;CNDC;DEPTH;SIPPICAN (3624);XCTD-2;SWS_XCTD;SWT_XCTD;COND_XCTD;DEP_XCTD
SIPPICAN_XCTD-3;SUB_SAL;SUB_T;CNDC;DEPTH;SIPPICAN (3624);XCTD-3;SWS_XCTD;SWT_XCTD;COND_XCTD;DEP_XCTD
SKYWATCH_XPLORER3;WS;;XPLORER3;ANEMOMETER_PROPELLER_VANE_WS
SPERRY MARINE_CUP VANE WINDSENSOR;WD;WS;;CUP VANE WINDSENSOR;ANEMOMETER_CUP_AND_WIND_VANE_SEPARATED_WD;ANEMOMETER_CUP_AND_WIND_VANE_SEPARATED_WS
SPERRY MARINE_PROPELLER VANE WINDSENSOR;WD;WS;;PROPELLER VANE WINDSENSOR;ANEMOMETER_PROPELLER_VANE_WD;ANEMOMETER_PROPELLER_VANE_WS
SPERRY MARINE_ULTRASONIC WINDSENSOR;WD;WS;;ULTRASONIC WINDSENSOR;ANEMOMETER_SONIC_WD;ANEMOMETER_SONIC_WS
SPER SCIENTIFIC_736700;HUM;;736700;PSYCHROMETER_ALCOHOL
SPER SCIENTIFIC_ALCOHOL THERMOMETER;AIRTEMP;;ALCOHOL THERMOMETER;THERMOMETER_ALCOHOL
STOCKBURGER_ANEROID HAND BAROMETER;ATMPRESS;;ANEROID HAND BAROMETER;BAROMETER_ANEROID_HAND
SUNDO_TYPE 61;ATMPRESS;;TYPE 61;BAROMETER_ANEROID_HAND
SUZUKI SEISAKUSHO_ANEROID HAND BAROMETER;ATMPRESS;;ANEROID HAND BAROMETER;BAROMETER_ANEROID_HAND
TAKAHASHI_ANEROID HAND BAROMETER;ATMPRESS;;ANEROID HAND BAROMETER;BAROMETER_ANEROID_HAND
TAMAYA_ANEROID HAND BAROMETER;ATMPRESS;;ANEROID HAND BAROMETER;BAROMETER_ANEROID_HAND
TAYLOR_5525;AIRTEMP;;5525;THERMOMETER_ALCOHOL
TAYLOR_ALCOHOL THERMOMETER;AIRTEMP;;ALCOHOL THERMOMETER;THERMOMETER_ALCOHOL
TAYLOR_ANEROID HAND BAROMETER;ATMPRESS;;ANEROID HAND BAROMETER;BAROMETER_ANEROID_HAND
TAYLOR_ELECTRICAL RESISTANCE THERMOMETER;AIRTEMP;;ELECTRICAL RESISTANCE THERMOMETER;THERMOMETER_MERCURY_DRY_BULB
TAYLOR_ELECTRIC BAROMETER;ATMPRESS;;ELECTRIC BAROMETER;BAROMETER_ELECTRIC
TAYLOR_MERCURY THERMOMETER;AIRTEMP;;MERCURY THERMOMETER;THERMOMETER_ELECTRIC
TAYLOR_THERMOMETER;AIRTEMP;;THERMOMETER;THERMOMETER_GENERIC
TERASAKI ELECTRICAL_WE300;ATMPRESS;;WE300;BAROMETER_ELECTRIC
TEREN_AM4822;WS;;AM4822;ANEMOMETER_PROPELLER_VANE_WS
TESS_ALCOHOL THERMOMETER;AIRTEMP;;ALCOHOL THERMOMETER;THERMOMETER_ALCOHOL
THEODOR FREIDRICH_5005;ATMPRESS;;5005;BAROMETER_ELECTRIC
THEODOR FRIEDRICHS_ALCOHOL THERMOMETER;SST;;ALCOHOL THERMOMETER;SST_BUCKET_THERMOMETER
THEODOR FRIEDRICHS_MERCURY THERMOMETER;SST;;MERCURY THERMOMETER;SST_BUCKET_THERMOMETER
THEODOR FRIEDRICHS_PT100;SST;;PT100;SST_IMMERSED_THERMOMETER
THIES CLIMA_4.3324.31;WD;WS;;4.3324.31;ANEMOMETER_CUP_AND_WIND_VANE_COMBINED_WD;ANEMOMETER_CUP_AND_WIND_VANE_COMBINED_WS
THIES CLIMA_4.3336.21;WD;WS;;4.3336.21;ANEMOMETER_CUP_AND_WIND_VANE_COMBINED_WD;ANEMOMETER_CUP_AND_WIND_VANE_COMBINED_WS
THIES CLIMA_4.3336.31.001;WD;WS;;4.3336.31.001;ANEMOMETER_CUP_AND_WIND_VANE_COMBINED_WD;ANEMOMETER_CUP_AND_WIND_VANE_COMBINED_WS
THIES CLIMA_4.3824.40.260;WD;WS;;4.3824.40.260;ANEMOMETER_SONIC_WD;ANEMOMETER_SONIC_WS
THIESCLIMA_ANEMOMETER;WD;WS;;ANEMOMETER;ANEMOMETER_SONIC_WD;ANEMOMETER_SONIC_WS
THIES CLIMA_CUP VANE WINDSENSOR;WD;WS;;CUP VANE WINDSENSOR;ANEMOMETER_CUP_AND_WIND_VANE_COMBINED_WD;ANEMOMETER_CUP_AND_WIND_VANE_COMBINED_WS
THIES CLIMA_CUP WINDSENSOR;WS;;CUP WINDSENSOR;ANEMOMETER_CUP_AND_WIND_VANE_SEPARATED_WS
THIES CLIMA_ELECTRICAL RESISTANCE THERMOMETER;AIRTEMP;;ELECTRICAL RESISTANCE THERMOMETER;THERMOMETER_ELECTRIC
THIES CLIMA_ELECTRIC BAROMETER;ATMPRESS;;ELECTRIC BAROMETER;BAROMETER_ELECTRIC
THIES CLIMA_HYGRO-THERMO TRANSMITTER COMPACT;AIRTEMP;;HYGRO-THERMO TRANSMITTER COMPACT;THERMOMETER_ELECTRIC
THIES CLIMA_MERCURY THERMOMETER;AIRTEMP;;MERCURY THERMOMETER;THERMOMETER_MERCURY_DRY_BULB
THIES CLIMA_PROPELLER VANE WINDSENSOR;WD;WS;;PROPELLER VANE WINDSENSOR;ANEMOMETER_PROPELLER_VANE_WD;ANEMOMETER_PROPELLER_VANE_WS
THIES CLIMA_ULTRASONIC2D;WD;WS;;ULTRASONIC2D;ANEMOMETER_SONIC_WD;ANEMOMETER_SONIC_WS
THIES CLIMA_ULTRASONIC WINDSENSOR;WD;WS;;ULTRASONIC WINDSENSOR;ANEMOMETER_SONIC_WD;ANEMOMETER_SONIC_WS
THIES CLIMA_VANE WINDSENSOR;WD;;VANE WINDSENSOR;ANEMOMETER_CUP_AND_WIND_VANE_SEPARATED_WD
TIANJIN_8908;WS;;8908;ANEMOMETER_PROPELLER_VANE_WS
TIANJIN_DEM6;WD;WS;;DEM6;ANEMOMETER_CUP_AND_WIND_VANE_COMBINED_WD;ANEMOMETER_CUP_AND_WIND_VANE_COMBINED_WS
TOKAIDO_ALCOHOL THERMOMETER;AIRTEMP;;ALCOHOL THERMOMETER;THERMOMETER_ALCOHOL
TOKYO KEIKI_PROPELLER VANE WINDSENSOR;WD;WS;;PROPELLER VANE WINDSENSOR;ANEMOMETER_PROPELLER_VANE_WD;ANEMOMETER_PROPELLER_VANE_WS
TOMAYA_ALCOHOL THERMOMETER;AIRTEMP;;ALCOHOL THERMOMETER;THERMOMETER_ALCOHOL
TOMAYA_MERCURY THERMOMETER;AIRTEMP;;MERCURY THERMOMETER;THERMOMETER_MERCURY_DRY_BULB
TOMEI_MERCURY THERMOMETER;AIRTEMP;;MERCURY THERMOMETER;THERMOMETER_MERCURY_DRY_BULB
TOYAMA_ALCOHOL THERMOMETER;AIRTEMP;;ALCOHOL THERMOMETER;THERMOMETER_ALCOHOL
TROCKON_ALCOHOL THERMOMETER;AIRTEMP;;ALCOHOL THERMOMETER;THERMOMETER_ALCOHOL
TSK_DEEPBLUE;SUB_T;DEPTH;TSURUMI-SEIKI CO., LTD (4634);DEEPBLUE;SWT_XBT;DEP_XBT
TSK_T10;SUB_T;DEPTH;TSURUMI-SEIKI CO., LTD (4634);T10;SWT_XBT;DEP_XBT
TSK_T4;SUB_T;DEPTH;TSURUMI-SEIKI CO., LTD (4634);T4;SWT_XBT;DEP_XBT
TSK_T5;SUB_T;DEPTH;TSURUMI-SEIKI CO., LTD (4634);T5;SWT_XBT;DEP_XBT
TSK_T6;SUB_T;DEPTH;TSURUMI-SEIKI CO., LTD (4634);T6;SWT_XBT;DEP_XBT
TSK_T7;SUB_T;DEPTH;TSURUMI-SEIKI CO., LTD (4634);T7;SWT_XBT;DEP_XBT
TSK_XCTD-1;SUB_SAL;SUB_T;CNDC;DEPTH;TSURUMI-SEIKI CO., LTD (4634);XCTD-1;SWS_XCTD;SWT_XCTD;COND_XCTD;DEP_XCTD
TSK_XCTD-2;SUB_SAL;SUB_T;CNDC;DEPTH;TSURUMI-SEIKI CO., LTD (4634);XCTD-2;SWS_XCTD;SWT_XCTD;COND_XCTD;DEP_XCTD
TSK_XCTD-3;SUB_SAL;SUB_T;CNDC;DEPTH;TSURUMI-SEIKI CO., LTD (4634);XCTD-3;SWS_XCTD;SWT_XCTD;COND_XCTD;DEP_XCTD
UINS_YTH-104;AIRTEMP;HUM;;YTH-104;THERMOMETER_ELECTRIC;HYGROMETER_ELECTRONIC
UNIVERSITY OF SOUTHAMPTON_ISAR;SST;University of Southampton (1801);ISAR;SST_RADIATION_THERMOMETER
US GOVERNMENT_AIRFLO;ATMPRESS;;AIRFLO;BAROMETER_ANEROID_HAND
UTSUKI KEIKI_ANEROID HAND BAROMETER;ATMPRESS;;ANEROID HAND BAROMETER;BAROMETER_ANEROID_HAND
UTSUKI KEIKI CO LTD_ANEROID HAND BAROMETER;ATMPRESS;;ANEROID HAND BAROMETER;BAROMETER_ANEROID_HAND
VAISALA_CL31;ATT_BACKSCATTER;VAISALA (3883);CL31;CEILOMETER
VAISALA_CUPS_WAA151_VANE_WAV151;WD;VAISALA (3883);CUPS_WAA151_VANE_WAV151;ANEMOMETER_CUP_AND_WIND_VANE_SEPARATED_WD
VAISALA_DPA21;ATMPRESS;VAISALA (3883);DPA21;BAROMETER_ELECTRIC
VAISALA_ELECTRICAL RESISTANCE THERMOMETER;AIRTEMP;VAISALA (3883);ELECTRICAL RESISTANCE THERMOMETER;THERMOMETER_ELECTRIC
VAISALA_ELECTRIC BAROMETER;ATMPRESS;VAISALA (3883);ELECTRIC BAROMETER;BAROMETER_ELECTRIC
VAISALA_HM34;AIRTEMP;HUM;VAISALA (3883);HM34;THERMOMETER_ELECTRIC;HYGROMETER_ELECTRONIC
VAISALA_HMP110;AIRTEMP;HUM;VAISALA (3883);HMP110;THERMOMETER_ELECTRIC;HYGROMETER_ELECTRONIC
VAISALA_HMP155;AIRTEMP;HUM;VAISALA (3883);HMP155;THERMOMETER_ELECTRIC;HYGROMETER_ELECTRONIC
VAISALA_HMP233;HUM;VAISALA (3883);HMP233;HYGROMETER_ELECTRONIC
VAISALA_HMP35;HUM;VAISALA (3883);HMP35;HYGROMETER_ELECTRONIC
VAISALA_HMP45;AIRTEMP;HUM;VAISALA (3883);HMP45;THERMOMETER_ELECTRIC;HYGROMETER_ELECTRONIC
VAISALA_HMP45A;AIRTEMP;VAISALA (3883);HMP45A;THERMOMETER_ELECTRIC
VAISALA_HMP45D;AIRTEMP;VAISALA (3883);HMP45D;THERMOMETER_ELECTRIC
VAISALA_HMP60;HUM;VAISALA (3883);HMP60;HYGROMETER_ELECTRONIC
VAISALA_HMT333;HUM;VAISALA (3883);HMT333;HYGROMETER_ELECTRONIC
VAISALA_HMT360;AIRTEMP;VAISALA (3883);HMT360;THERMOMETER_ELECTRIC
VAISALA_HMT361;AIRTEMP;VAISALA (3883);HMT361;THERMOMETER_ELECTRIC
VAISALA_PA11;ATMPRESS;VAISALA (3883);PA11;BAROMETER_ELECTRIC
VAISALA_PMB100;ATMPRESS;VAISALA (3883);PMB100;BAROMETER_ELECTRIC
VAISALA_PMT16;ATMPRESS;VAISALA (3883);PMT16;BAROMETER_ELECTRIC
VAISALA_PT100;AIRTEMP;VAISALA (3883);PT100;THERMOMETER_ELECTRIC
VAISALA_PTB100;ATMPRESS;VAISALA (3883);PTB100;BAROMETER_ELECTRIC
VAISALA_PTB110;ATMPRESS;TEND;VAISALA (3883);PTB110;BAROMETER_ELECTRIC;ATM_PRESS_TEND
VAISALA_PTB200;ATMPRESS;VAISALA (3883);PTB200;BAROMETER_ELECTRIC
VAISALA_PTB210;ATMPRESS;VAISALA (3883);PTB210;BAROMETER_ELECTRIC
VAISALA_PTB220;ATMPRESS;TEND;VAISALA (3883);PTB220;BAROMETER_ELECTRIC;ATM_PRESS_TEND
VAISALA_PTB330;ATMPRESS;TEND;VAISALA (3883);PTB330;BAROMETER_ELECTRIC;ATM_PRESS_TEND
VAISALA_PTU200;AIRTEMP;ATMPRESS;VAISALA (3883);PTU200;THERMOMETER_ELECTRIC;BAROMETER_ELECTRIC
VAISALA_PTU300;ATMPRESS;VAISALA (3883);PTU300;BAROMETER_ELECTRIC
VAISALA_PTU303;AIRTEMP;HUM;VAISALA (3883);PTU303;THERMOMETER_ELECTRIC;HYGROMETER_ELECTRONIC
VAISALA_PTU307;AIRTEMP;HUM;VAISALA (3883);PTU307;THERMOMETER_ELECTRIC;HYGROMETER_ELECTRONIC
VAISALA_PWD52;VISIBILITY;VAISALA (3883);PWD52;OPTICAL_PRESENT_WEATHER_SENSOR
VAISALA_THERMOMETER;AIRTEMP;VAISALA (3883);THERMOMETER;THERMOMETER_GENERIC
VAISALA_ULTRASONIC WINDSENSOR;WD;WS;VAISALA (3883);ULTRASONIC WINDSENSOR;ANEMOMETER_SONIC_WD;ANEMOMETER_SONIC_WS
VAISALA_WAA12;WS;VAISALA (3883);WAA12;ANEMOMETER_CUP_AND_WIND_VANE_SEPARATED_WS
VAISALA_WAA15;WS;VAISALA (3883);WAA15;ANEMOMETER_CUP_AND_WIND_VANE_SEPARATED_WS
VAISALA_WAA151;WS;VAISALA (3883);WAA151;ANEMOMETER_CUP_AND_WIND_VANE_SEPARATED_WS
VAISALA_WAV12;WD;VAISALA (3883);WAV12;ANEMOMETER_CUP_AND_WIND_VANE_SEPARATED_WD
VAISALA_WAV15;WD;VAISALA (3883);WAV15;ANEMOMETER_CUP_AND_WIND_VANE_SEPARATED_WD
VAISALA_WAV151;WD;VAISALA (3883);WAV151;ANEMOMETER_CUP_AND_WIND_VANE_SEPARATED_WD
VAISALA_WMT52;WD;WS;VAISALA (3883);WMT52;ANEMOMETER_SONIC_WD;ANEMOMETER_SONIC_WS
VAISALA_WMT700;WD;WS;VAISALA (3883);WMT700;ANEMOMETER_SONIC_WD;ANEMOMETER_SONIC_WS
VAISALA_WMT702;WD;WS;VAISALA (3883);WMT702;ANEMOMETER_SONIC_WD;ANEMOMETER_SONIC_WS
VAISALA_WXT510;HUM;VAISALA (3883);WXT510;HYGROMETER_ELECTRONIC
VAISALA_WXT520;AIRTEMP;WD;HUM;WS;ATMPRESS;VAISALA (3883);WXT520;THERMOMETER_ELECTRIC;ANEMOMETER_SONIC_WD;HYGROMETER_ELECTRONIC;ANEMOMETER_SONIC_WS;BAROMETER_ELECTRIC
VEB FEINGERATEBAU_ANEROID HAND BAROMETER;ATMPRESS;;ANEROID HAND BAROMETER;BAROMETER_ANEROID_HAND
VECTOR INSTRUMENTS_CUP WINDSENSOR;WS;;CUP WINDSENSOR;ANEMOMETER_CUP_AND_WIND_VANE_SEPARATED_WS
VECTOR INSTRUMENTS_VANE WINDSENSOR;WD;;VANE WINDSENSOR;ANEMOMETER_CUP_AND_WIND_VANE_SEPARATED_WD
VEMCO_VMT;SOUND;Innovasea Systems Inc (5542);VMT;ACOUSTIC
VION_ELECTRIC BAROMETER;ATMPRESS;;ELECTRIC BAROMETER;BAROMETER_ELECTRIC
WALLACE AND TIERNAN PENNWALT_ANEROID HAND BAROMETER;ATMPRESS;;ANEROID HAND BAROMETER;BAROMETER_ANEROID_HAND
WALMART_ELECTRICAL RESISTANCE THERMOMETER;AIRTEMP;;ELECTRICAL RESISTANCE THERMOMETER;THERMOMETER_ELECTRIC
WEATHERTRONICS_ULTRASONIC WINDSENSOR;WD;WS;;ULTRASONIC WINDSENSOR;ANEMOMETER_SONIC_WD;ANEMOMETER_SONIC_WS
WEEMS AND PLATH_ADMIRAL;ATMPRESS;;ADMIRAL;BAROMETER_ANEROID_HAND
WEEMS AND PLATH_ANEROID HAND BAROMETER;ATMPRESS;;ANEROID HAND BAROMETER;BAROMETER_ANEROID_HAND
WEEMS AND PLATH_ELECTRIC BAROMETER;ATMPRESS;;ELECTRIC BAROMETER;BAROMETER_ELECTRIC
WEMPE_ANEROID HAND BAROMETER;ATMPRESS;;ANEROID HAND BAROMETER;BAROMETER_ANEROID_HAND
WEMPE_MERCURY THERMOMETER;AIRTEMP;;MERCURY THERMOMETER;THERMOMETER_MERCURY_DRY_BULB
WEMPE_PROPELLER VANE WINDSENSOR;WD;WS;;PROPELLER VANE WINDSENSOR;ANEMOMETER_PROPELLER_VANE_WD;ANEMOMETER_PROPELLER_VANE_WS
WERNER_ELECTRICAL RESISTANCE THERMOMETER;AIRTEMP;;ELECTRICAL RESISTANCE THERMOMETER;THERMOMETER_ELECTRIC
W.G SCHULZ GMBH_CUP VANE WINDSENSOR;WD;WS;;CUP VANE WINDSENSOR;ANEMOMETER_CUP_AND_WIND_VANE_COMBINED_WD;ANEMOMETER_CUP_AND_WIND_VANE_COMBINED_WS
WHOI_DMON;SOUND;Woods Hole Oceanographic Institution (3844);DMON;ACOUSTIC
WIKA_MERCURY THERMOMETER;AIRTEMP;;MERCURY THERMOMETER;THERMOMETER_MERCURY_DRY_BULB
XBT_DeepBlue;SUB_T;DEPTH;National Oceanic and Atmospheric Administation (1433);DeepBlue;SWT_XBT;DEP_XBT
YANAGI_6;ATMPRESS;;6;BAROMETER_ANEROID_HAND
YANAGI_8;ATMPRESS;;8;BAROMETER_ANEROID_HAND
YANAGI_8A;ATMPRESS;;8A;BAROMETER_ANEROID_HAND
YANAGI_ANEROID HAND BAROMETER;ATMPRESS;;ANEROID HAND BAROMETER;BAROMETER_ANEROID_HAND
YANAGI_BAROMETER;ATMPRESS;;BAROMETER;BAROMETER_GENERIC
YANAGI_ELECTRIC BAROMETER;ATMPRESS;;ELECTRIC BAROMETER;BAROMETER_ELECTRIC
YOSHINO_ELECTRICAL RESISTANCE THERMOMETER;AIRTEMP;;ELECTRICAL RESISTANCE THERMOMETER;THERMOMETER_ELECTRIC
YOSHINO KEIKI_ANEROID HAND BAROMETER;ATMPRESS;;ANEROID HAND BAROMETER;BAROMETER_ANEROID_HAND
YOSHINO_MERCURY THERMOMETER;AIRTEMP;;MERCURY THERMOMETER;THERMOMETER_MERCURY_DRY_BULB
YOUBANG_DYJ1;ATMPRESS;;DYJ1;BAROGRAPH_GENERIC
ZEAL_ALCOHOL FM23006;AIRTEMP;;ALCOHOL FM23006;THERMOMETER_ALCOHOL
ZEAL_ALCOHOL ORD 2/C;AIRTEMP;;ALCOHOL ORD 2/C;THERMOMETER_ALCOHOL
ZEAL_ALCOHOL P2502;AIRTEMP;;ALCOHOL P2502;THERMOMETER_ALCOHOL
ZEAL_ALCOHOL P2505;AIRTEMP;;ALCOHOL P2505;THERMOMETER_ALCOHOL
ZEAL_ALCOHOL P2528;AIRTEMP;;ALCOHOL P2528;THERMOMETER_ALCOHOL
ZEAL_ALCOHOL THERMOMETER;AIRTEMP;;ALCOHOL THERMOMETER;THERMOMETER_ALCOHOL
ZEAL_ELECTRICAL RESISTANCE THERMOMETER;AIRTEMP;;ELECTRICAL RESISTANCE THERMOMETER;THERMOMETER_ELECTRIC
ZEAL_MERCURY FM23006;AIRTEMP;;MERCURY FM23006;THERMOMETER_MERCURY_DRY_BULB
ZEAL_MERCURY ORD 2/C;AIRTEMP;;MERCURY ORD 2/C;THERMOMETER_MERCURY_DRY_BULB
ZEAL_MERCURY P2502;AIRTEMP;;MERCURY P2502;THERMOMETER_MERCURY_DRY_BULB
ZEAL_MERCURY P2505;AIRTEMP;;MERCURY P2505;THERMOMETER_MERCURY_DRY_BULB
ZEAL_MERCURY P2528;AIRTEMP;;MERCURY P2528;THERMOMETER_MERCURY_DRY_BULB
ZEAL_MERCURY THERMOMETER;AIRTEMP;;MERCURY THERMOMETER;THERMOMETER_MERCURY_DRY_BULB
ZEAL_ORD_2C;AIRTEMP;;ORD_2C;THERMOMETER_ALCOHOL
ZEAL_PH1000;AIRTEMP;;PH1000;THERMOMETER_ELECTRIC
ZEAL_THERMOMETER;AIRTEMP;;THERMOMETER;THERMOMETER_GENERIC
ZebraTech_Moana_TD_1000;SUB_PRESS;SUB_T;ZebraTech (5602);Moana_TD_1000;CTD_PRES;CTD_TEMP
Zebratech_Moana_TD_200;SUB_PRESS;SUB_T;ZebraTech (5602);Moana_TD_200;CTD_PRES;CTD_TEMP
